gutenberg_id	bytes	sha256	source_url	repo_path
1	30835	8fc7483413518ecf182d982a2e61289894e7fa3ccb1fa3d1db4c1be55debb1f0	https://www.gutenberg.org/cache/epub/1/pg1.txt	books_txt/1.txt
2	22770	99eaccf0b9fe3d249269915bfd0d68c89acd771835a2efbdfa106d8fbfc2cfb7	https://www.gutenberg.org/cache/epub/2/pg2.txt	books_txt/2.txt
3	27601	b87eb8787607d9a14e2e20f02e71b7f1cf6dbae9a278c0bfaf05e4c878550a5a	https://www.gutenberg.org/cache/epub/3/pg3.txt	books_txt/3.txt
4	21788	cc749f45ea7b8ef87fd3cd8cb94dc320920d78dab22efea98359a7b6e13e00c2	https://www.gutenberg.org/cache/epub/4/pg4.txt	books_txt/4.txt
5	48326	d177168e3f4898213dced30fbbe60d74ad08e884ed5dd86bff94a1b8836b5982	https://www.gutenberg.org/cache/epub/5/pg5.txt	books_txt/5.txt
6	26547	a5d5b114cf5dde662b49534a1db3176d5d968c6293d15769c094a0af0407971d	https://www.gutenberg.org/cache/epub/6/pg6.txt	books_txt/6.txt
7	21888	44901d3d1a9176069b79bb617d82c9659dd345909478f635516ac5705faaceae	https://www.gutenberg.org/cache/epub/7/pg7.txt	books_txt/7.txt
8	24107	060853cffcbafcea4c8b5893410cd92fd9106323dcd8542b82bc50c78b1cbf94	https://www.gutenberg.org/cache/epub/8/pg8.txt	books_txt/8.txt
9	41473	fa635b8a3cea02506516d24de2465ef114cd75ee6fac8f417a893aafb2143492	https://www.gutenberg.org/cache/epub/9/pg9.txt	books_txt/9.txt
10	4455950	0204adaed1f25700aa854218cae63c7172228c41088f335e99167a071eed83c0	https://www.gutenberg.org/cache/epub/10/pg10.txt	books_txt/10.txt
11	174311	01b38ea4c710a84bc18d0bd41271a5a1a92b94e97b2812f4dece97d4a694725e	https://www.gutenberg.org/cache/epub/11/pg11.txt	books_txt/11.txt
12	196534	e40a38f5da841f9fb6acc557355c447b7c2ccb56a208caf5fcf2b05081f14d42	https://www.gutenberg.org/cache/epub/12/pg12.txt	books_txt/12.txt
13	54952	30d6d0a4fa246393ba85df5fa4fb3d0358bdf3f4784a8d0ebb96547275bc4f74	https://www.gutenberg.org/cache/epub/13/pg13.txt	books_txt/13.txt
14	1970908	dfdbecaddef212f907c513d80dc1bf2050201509d301cf0a8a4f7f903faf7630	https://www.gutenberg.org/cache/epub/14/pg14.txt	books_txt/14.txt
15	1296752	cca79713fb2eb809daa7da6538018a0190a57d661b59f3a2b68ce4e137bbf8fc	https://www.gutenberg.org/cache/epub/15/pg15.txt	books_txt/15.txt
16	288769	6b08714281fe38266a756741e4c62915cda7536c2f78cca501f7fd53f3f445ae	https://www.gutenberg.org/cache/epub/16/pg16.txt	books_txt/16.txt
17	1518918	ac4bbea7d6f19905cf10d21465e0f491a41e2dd3cc2a64e9ee622b1f4a7a6882	https://www.gutenberg.org/cache/epub/17/pg17.txt	books_txt/17.txt
18	1213410	a6c9d1135a04d10955fe11d210b7f642e1c2341d4f2c8369b9a832cc97839d94	https://www.gutenberg.org/cache/epub/18/pg18.txt	books_txt/18.txt
19	215771	d3f9f0ce63af1c4dc56f80ab32c1c544a20ae879247e137e7619e392ff87975f	https://www.gutenberg.org/cache/epub/19/pg19.txt	books_txt/19.txt
20	493599	67321f478e04486493f1df3f95c285c9d9b7e42ec984f6b74a27ab02770e2ca6	https://www.gutenberg.org/cache/epub/20/pg20.txt	books_txt/20.txt
21	272338	48f2d310226e175250988747ba4c81ff832a218b83c141b38c6dc047a25c1958	https://www.gutenberg.org/cache/epub/21/pg21.txt	books_txt/21.txt
22	1539638	ac6bdc2d616ecf0d7994e987f5aabb46855459368132e4e03fc80dbe3c88c095	https://www.gutenberg.org/cache/epub/22/pg22.txt	books_txt/22.txt
23	249061	234c15348a66919bad1d534cdd48ee8ddf91f50115a706cbefaa8edd049672fd	https://www.gutenberg.org/cache/epub/23/pg23.txt	books_txt/23.txt
24	331242	0bc23f5b916792d8dbefac034c2fbf06810ff82b1e780a393d61f1c7a69fcfd3	https://www.gutenberg.org/cache/epub/24/pg24.txt	books_txt/24.txt
25	2237027	f5f02341fc4e54b00af488e4b8ad96c707e9d6f7578203cf9666abe71986c601	https://www.gutenberg.org/cache/epub/25/pg25.txt	books_txt/25.txt
26	491461	aeedc9f33e0c2a6422d2f557462fb87cd2430974c6aed30a26803be5394a741a	https://www.gutenberg.org/cache/epub/26/pg26.txt	books_txt/26.txt
27	831213	baab9787eb44992b53da80be54acee08c2caa793f1e02a8017cc68a8cbadb2ec	https://www.gutenberg.org/cache/epub/27/pg27.txt	books_txt/27.txt
28	101912	cb57aa3fea06bdf10239e6f29c313c83f18c007fde05e53ff726d422fdc3a8b1	https://www.gutenberg.org/cache/epub/28/pg28.txt	books_txt/28.txt
29	359908	618fdb1901a201de41506e55bebdc046d76ae0460a7956aae4c063be75ee5939	https://www.gutenberg.org/cache/epub/29/pg29.txt	books_txt/29.txt
30	4644737	dfed950e8e6719a2536a9e70a171a4addb3093e024acc1cfc0c7d3bdc7ed9d76	https://www.gutenberg.org/cache/epub/30/pg30.txt	books_txt/30.txt
31	245162	be8419a2713178f45584eb7421760ff3e5b1a1af4a002cb5c53483ed37041794	https://www.gutenberg.org/cache/epub/31/pg31.txt	books_txt/31.txt
32	328585	d2887a5e9cd99e09b091270016f69cf975401d1190ee432aa812ecfbe5f6eae2	https://www.gutenberg.org/cache/epub/32/pg32.txt	books_txt/32.txt
33	513732	ae8d5a2d55a7b5d2b4b37497338892dab5ff6cc535bf523698da4ba6abe15ee7	https://www.gutenberg.org/cache/epub/33/pg33.txt	books_txt/33.txt
34	182984	7644006199e43cf0b61e75793f04a4168fa9caa80ad5757b2b2dccd15b09feb6	https://www.gutenberg.org/cache/epub/34/pg34.txt	books_txt/34.txt
35	204384	2892e919000e17c83e1dac51b30f4675db50536b644d7579fe8a89bb399a9bdc	https://www.gutenberg.org/cache/epub/35/pg35.txt	books_txt/35.txt
36	366624	8417469e3ab664749f7b36ebb85799075818207b0380b54c27d07d592a44117d	https://www.gutenberg.org/cache/epub/36/pg36.txt	books_txt/36.txt
37	370018	906c97881d09f36c59bb1e2fe62b1a4b86372f00339fddba82fdf6351149fc3c	https://www.gutenberg.org/cache/epub/37/pg37.txt	books_txt/37.txt
38	1147930	d96d569deddc5c3113f0b4dcbd480fe07e175e1d64bd4b91687be1d7032628df	https://www.gutenberg.org/cache/epub/38/pg38.txt	books_txt/38.txt
39	70693	c6bff9c571b856aa4f73cd2d17d85ee16e3ec4338938a23cd7b856242f101545	https://www.gutenberg.org/cache/epub/39/pg39.txt	books_txt/39.txt
41	90896	6847c02f49c9ff8a5e2a0e8f49842bf3bffc7f5a87216c895a6b64f26ecf9353	https://www.gutenberg.org/cache/epub/41/pg41.txt	books_txt/41.txt
42	163950	6f5ebfb79a24bb24e88c8f7e5f35515321e545bf4f137fce6e406c9da0bb2b59	https://www.gutenberg.org/cache/epub/42/pg42.txt	books_txt/42.txt
43	163495	b43448a88391591f9cf82b25553df00faf47a2752a873185fcdd1156eebdb990	https://www.gutenberg.org/cache/epub/43/pg43.txt	books_txt/43.txt
44	883009	69b91d6fb1304445ad0604e00cd8199d160823aa80af5c9fc47eea746590342f	https://www.gutenberg.org/cache/epub/44/pg44.txt	books_txt/44.txt
45	606693	89a5e9fb2e0bb44562a969785385366f94e1da736aebee7d9cdf459eb0b5f9f6	https://www.gutenberg.org/cache/epub/45/pg45.txt	books_txt/45.txt
46	182250	8c36b93723d454982df045ec0efdf2664e5a48e6b5e2f670e883575f75ad0cc8	https://www.gutenberg.org/cache/epub/46/pg46.txt	books_txt/46.txt
47	532050	e9a12333e4e6e047d5de8fca150ff66e45ab5e4f2bc85de3c9cdccd125512e81	https://www.gutenberg.org/cache/epub/47/pg47.txt	books_txt/47.txt
48	2482149	a553f3f815ebd623ff43041f9f6dff2c50bd4d6ae3112828e81de62545ba6691	https://www.gutenberg.org/cache/epub/48/pg48.txt	books_txt/48.txt
49	82613	3d28f50190ad9f67670aa8816924b3148fb80559b2ea35cf7cbedcfeaf5d5594	https://www.gutenberg.org/cache/epub/49/pg49.txt	books_txt/49.txt
50	1434011	570844fbcdf0aa69dfb8337247f2422f3031a67dcdc3d40f148ae2a5366c7a3d	https://www.gutenberg.org/cache/epub/50/pg50.txt	books_txt/50.txt
51	468819	f9c7d035c05a39d436c36fb9f99addbfe3206e662f694437d25ed7d266f5c572	https://www.gutenberg.org/cache/epub/51/pg51.txt	books_txt/51.txt
52	1175941	2d574de99550ccb48f61d69dbeff0ff56a893d310a7b0fb262e80e150306be73	https://www.gutenberg.org/files/52/52.txt	books_txt/52.txt
53	446284	085e254b52cde93a2adf8c20a2efa8f3ce4e5e467ee66dc85f43536524460c7b	https://www.gutenberg.org/cache/epub/53/pg53.txt	books_txt/53.txt
54	269667	48e4dd66643ab160d986562d635b18aa4b8f3dc6d7d47d2796c108c2c8b60759	https://www.gutenberg.org/cache/epub/54/pg54.txt	books_txt/54.txt
55	237232	969bffab7740d4d8a0bac332d78bd0152ad4a40a2efc52f06c74a9bb6120be75	https://www.gutenberg.org/cache/epub/55/pg55.txt	books_txt/55.txt
56	48504	ca7ec30b56926f0f4a24ef60da653253822cd4fab5f3a9f30dc0fe2ae2251098	https://www.gutenberg.org/cache/epub/56/pg56.txt	books_txt/56.txt
57	49042	1c1b88b2b3c49820369b4131198743c8e02746a403ea19878a06fddb4acb6a53	https://www.gutenberg.org/cache/epub/57/pg57.txt	books_txt/57.txt
58	113442	27b677e84e3a17129c5995c4d51e6a7bda0a3b65e4c1d18f058b9ab5bb3ccee1	https://www.gutenberg.org/cache/epub/58/pg58.txt	books_txt/58.txt
59	150603	7768ba8d3895be3d6f1492733ffab983d69875cc743edd23a1840e1530d02924	https://www.gutenberg.org/cache/epub/59/pg59.txt	books_txt/59.txt
60	526182	08cffb9e69b1e7f2aa93bfbadb7eb1d7b887e5e80728c8189e01d2b28dc72843	https://www.gutenberg.org/cache/epub/60/pg60.txt	books_txt/60.txt
61	94315	ba4623f09e411351ad4f34488289c70eceda8fb9d7977c1db64f0f01ed80cb59	https://www.gutenberg.org/cache/epub/61/pg61.txt	books_txt/61.txt
62	399822	d35d09d2b9b7691822909636085c6a01903bae375e51ee10b45377021b122b66	https://www.gutenberg.org/cache/epub/62/pg62.txt	books_txt/62.txt
63	125328	a29cdc90d50ff9564999787f1690e543b0af0265c9572c6a695ec280b11dfccc	https://www.gutenberg.org/cache/epub/63/pg63.txt	books_txt/63.txt
64	484221	464655492735d47cceb2225968f5d299cabb47ab2d4f8b667168c52ab18bd5b3	https://www.gutenberg.org/cache/epub/64/pg64.txt	books_txt/64.txt
65	843438	114c66cae0a74e1badb6eb79ccd20450141bbd733b851bdc0937f62d50223bcf	https://www.gutenberg.org/cache/epub/65/pg65.txt	books_txt/65.txt
66	210846	9e4dbc1eb655c862d48a7a5884d0c32744d56657e862f740f31e5b8b93235a2b	https://www.gutenberg.org/cache/epub/66/pg66.txt	books_txt/66.txt
67	506101	5312b503229536101d47b95ae817caae46f6345a8dfa410e31f320d9be2b1684	https://www.gutenberg.org/cache/epub/67/pg67.txt	books_txt/67.txt
68	339991	f4da7d8f51115b07b949c9cc2ba9ee3b30a4b63abbc398d16056bd3dc20cd5b6	https://www.gutenberg.org/cache/epub/68/pg68.txt	books_txt/68.txt
69	257285	82c6239f76c902117b89573e1297f86408df3b9b8653fcc81d4df27502f48465	https://www.gutenberg.org/cache/epub/69/pg69.txt	books_txt/69.txt
70	567481	8deabc9f40f6cf34ca8c9a03bfc61f2328c2636076341f03be5070c7cec3141c	https://www.gutenberg.org/cache/epub/70/pg70.txt	books_txt/70.txt
71	72261	88310a64ab17a33347228deb109dc67f089c7313ef30e97d7870449612a77c98	https://www.gutenberg.org/cache/epub/71/pg71.txt	books_txt/71.txt
72	295385	5ad6732dba9d385518aaccabd775fce28e28e9d90b6046b9cd2d011e96684ae0	https://www.gutenberg.org/cache/epub/72/pg72.txt	books_txt/72.txt
73	288761	d92b53cb377500c26f325b5249c23c364c9b946b4b8265c54dd0e1eb09bba06c	https://www.gutenberg.org/cache/epub/73/pg73.txt	books_txt/73.txt
74	434357	74d77384b123a6360db9ab58463cff8b38df8525fbdc6000c81ee388e1f3cf10	https://www.gutenberg.org/cache/epub/74/pg74.txt	books_txt/74.txt
75	147815	b13561ba68b54c3ac2d0f1efa8e1c83507fec3af7aacda1b09cb17a378b6ae44	https://www.gutenberg.org/cache/epub/75/pg75.txt	books_txt/75.txt
76	622460	d617a37aa7ae1e1a93dcde2634db2bccb86824e31e29a55230bdbf77d6872d59	https://www.gutenberg.org/cache/epub/76/pg76.txt	books_txt/76.txt
77	649593	0d09eef49bec474dc4253b3035f298425280ec82d3e70b43befa443dd5e9819a	https://www.gutenberg.org/cache/epub/77/pg77.txt	books_txt/77.txt
78	517223	9fac1bdb66c2a3e955baaf1ce4601ba18145921679041779c2403e49b6bf4260	https://www.gutenberg.org/cache/epub/78/pg78.txt	books_txt/78.txt
79	1352323	5d940a6a5dd0cb172aefda7b1aa456a69163c65b3fe563ad658676aa11faed24	https://www.gutenberg.org/cache/epub/79/pg79.txt	books_txt/79.txt
80	635353	73975604ba0d83422aa497e08bb606584eb324f34c0e1afd76bb8a5935acce05	https://www.gutenberg.org/cache/epub/80/pg80.txt	books_txt/80.txt
81	530034	dfabf6d2d2c787a055edfeea161698d6749847d9373c24ea937d203bb6c5e3ad	https://www.gutenberg.org/cache/epub/81/pg81.txt	books_txt/81.txt
82	1167511	188187a4af0956b01ccb0a9f8fb50587ffa4fca0b2d12d8ff5a82fc6f05f15e0	https://www.gutenberg.org/cache/epub/82/pg82.txt	books_txt/82.txt
83	585402	6d87062870643bf9364d09f5c6b37ce53dab524501041d87e7d83a2e1b2f744d	https://www.gutenberg.org/cache/epub/83/pg83.txt	books_txt/83.txt
84	448885	7810cd483cffcf2cc8a1d8f0d5807931e69d4f48cd14149b8c76f88af82fead3	https://www.gutenberg.org/cache/epub/84/pg84.txt	books_txt/84.txt
85	382049	9306f48be863ef8ab5d4a1d566bb308944f6316f3b2427d7c33386ffec62ec46	https://www.gutenberg.org/cache/epub/85/pg85.txt	books_txt/85.txt
86	681337	6ce0781165b70257a4530f46856057ec689b0ec0980946fede2cd25ec5dca917	https://www.gutenberg.org/cache/epub/86/pg86.txt	books_txt/86.txt
87	2648242	1bb2903fe6d54d96c28c20bb0db8d46237aa2f0a80536affefe4b208b641355b	https://www.gutenberg.org/cache/epub/87/pg87.txt	books_txt/87.txt
88	809285	4e95527f6666d0e899238b6245c4a6b7c84a8cb96199364861d2e74f542ab9ed	https://www.gutenberg.org/cache/epub/88/pg88.txt	books_txt/88.txt
89	828220	e318f7191013b42ab26a8735053fcec76200b98bab478f10194ec8b65314da66	https://www.gutenberg.org/cache/epub/89/pg89.txt	books_txt/89.txt
90	556561	37155eedab7f0738f9f2c2c1133c6d2a1c8fbef4baf231cfc3f1066b7c5b4f60	https://www.gutenberg.org/cache/epub/90/pg90.txt	books_txt/90.txt
91	204257	ceaa738e2ade533eace48d537b7b31a7020f1c4b915510b60ea852589f43e177	https://www.gutenberg.org/cache/epub/91/pg91.txt	books_txt/91.txt
92	400947	c2b74713c66d41894aaef80f3d8e1ca6a0b3ab2cc7b5b9d80c1ca026941fea16	https://www.gutenberg.org/cache/epub/92/pg92.txt	books_txt/92.txt
93	147854	caec2a2855da1e174021b74acfc25d0f4501cdc2bcf401621e8a7c6f46cea927	https://www.gutenberg.org/cache/epub/93/pg93.txt	books_txt/93.txt
94	182852	a8cd699f418985d8d72075e1e2655cea8305fba312ccfe8e01a160d991a48b1b	https://www.gutenberg.org/cache/epub/94/pg94.txt	books_txt/94.txt
95	322863	10324b1967137ab1b40b60b20c383ad61c17731592be5df0915ae470812af828	https://www.gutenberg.org/cache/epub/95/pg95.txt	books_txt/95.txt
96	350059	27ad09af9576cc06aff14dd834a7b020b6cd422ca0b8846aaa9745a07d8aac66	https://www.gutenberg.org/cache/epub/96/pg96.txt	books_txt/96.txt
97	219360	eb84ae1a164f9d54c7bd831c847f99046f6a3199ba78b0bd7c98c09d108a3a9a	https://www.gutenberg.org/cache/epub/97/pg97.txt	books_txt/97.txt
98	807197	d54c2b80d40a40b982cd88852c6180bb944d95acdb028af3d0e01a1750681784	https://www.gutenberg.org/cache/epub/98/pg98.txt	books_txt/98.txt
99	66518	4368565a5aef33e7842e674fcd7608ae9fd5d885f28543fae6df6cce3b0c5a89	https://www.gutenberg.org/cache/epub/99/pg99.txt	books_txt/99.txt
100	5638480	3cf4b3d44ee14cff4e14e78e2ad3318eff76f3f7f2afc3cee6bb925879110a37	https://www.gutenberg.org/cache/epub/100/pg100.txt	books_txt/100.txt
101	676855	ef1d131cee269d38c41e8d0254da76ad893e5bd5818e9d0592de7c8fde792d7f	https://www.gutenberg.org/cache/epub/101/pg101.txt	books_txt/101.txt
102	320570	449499a3e5c0947b0172aa4e445e7c98d9ff33d7892e98cd5157a4f012414c5f	https://www.gutenberg.org/cache/epub/102/pg102.txt	books_txt/102.txt
103	403712	6f608ea2da50caf73245ad2996e4ee3c02ef1aa2152f7fcfe209df9aa39e7512	https://www.gutenberg.org/cache/epub/103/pg103.txt	books_txt/103.txt
104	31366	d52ad4f9bb6606864b71486a53c8949474b7a8c3d7becbe651378bb66dd4c876	https://www.gutenberg.org/cache/epub/104/pg104.txt	books_txt/104.txt
105	497555	64ffb821b9e9eb1040c103a44c28893c94ebe33ffbb911288b5022efaecbfefc	https://www.gutenberg.org/cache/epub/105/pg105.txt	books_txt/105.txt
106	443252	27b66b434d9bd63e1a663bfcb8ca6528ba229e147bf50279bedddf98d3f5b54e	https://www.gutenberg.org/cache/epub/106/pg106.txt	books_txt/106.txt
107	830444	67d4901981ceaef9ae2e5de32d1c59c8005101375a932d49861054f65bb60099	https://www.gutenberg.org/cache/epub/107/pg107.txt	books_txt/107.txt
108	719650	8c4de14b3a1952417eca4673fcb1b8aa8f946f8a4164f10ec761368af34d5e5a	https://www.gutenberg.org/cache/epub/108/pg108.txt	books_txt/108.txt
109	59236	5dc303d3e7860f094905fee047fd0866317a5d1fc00999078c0b42b325f6e7c4	https://www.gutenberg.org/cache/epub/109/pg109.txt	books_txt/109.txt
110	895508	503e08df0ca12fb21f4db9df75cfa97f9ba31b4d136add695b9e3e350b1699b1	https://www.gutenberg.org/cache/epub/110/pg110.txt	books_txt/110.txt
111	478206	9bf9c17d7cfb900938dc69c07728451c74db7d242a0ba368d0ccae63232d333a	https://www.gutenberg.org/cache/epub/111/pg111.txt	books_txt/111.txt
112	140550	d98d2099db0bfb25efcf963fb2659849928f4d3754a86f8cb56c30d7d1f87222	https://www.gutenberg.org/cache/epub/112/pg112.txt	books_txt/112.txt
113	475315	6b0bb5fbd0c4e873d2d22028da9d753cf3977d5f70ac58221556b28060badbf5	https://www.gutenberg.org/cache/epub/113/pg113.txt	books_txt/113.txt
114	1874	424ba29c467f402b3173d57f549855e361aa7a4fdeef4bc4a8e9f6625c97417b	https://www.gutenberg.org/files/114/114-0.txt	books_txt/114.txt
115	2066086	50c2905016e210487cbcc9913461294c32dc739e81ecd31c45510f68773021f1	https://www.gutenberg.org/cache/epub/115/pg115.txt	books_txt/115.txt
116	19992	c997865f9b227030b3eb33414f3c9a8ebf6b2de50704e02e944f5b4a7641cd83	https://www.gutenberg.org/files/116/116-0.txt	books_txt/116.txt
118	423497	d93a5054879a6f553a7b25f0689e1c8a7865b7caeb5acd3c4893b8bedb6b63e7	https://www.gutenberg.org/cache/epub/118/pg118.txt	books_txt/118.txt
119	922062	c9e4f95b64898c6996ded0a7899cfbcb38db85233079ce151c9fa89a9d01354b	https://www.gutenberg.org/cache/epub/119/pg119.txt	books_txt/119.txt
120	399873	5bc08275eacea8640b1aa185c645283bb8c564d7b23df6b03437d229b4fc6ebd	https://www.gutenberg.org/cache/epub/120/pg120.txt	books_txt/120.txt
121	468035	627d572b1d1b7c2d6e2fef0a886bd70720f9267d609f94338cee18a97c4a87b3	https://www.gutenberg.org/cache/epub/121/pg121.txt	books_txt/121.txt
122	838950	bdd2c262086b9c8ae4361ef1e7f29fcc9e462bbab108cbe94c3e972276444b14	https://www.gutenberg.org/cache/epub/122/pg122.txt	books_txt/122.txt
123	296035	ee3f1403b7f3a0524b325c950be76090837671a4008fd70cc23408d915cac6f8	https://www.gutenberg.org/cache/epub/123/pg123.txt	books_txt/123.txt
124	835071	83de0c18742ba22b3d442c3a5bc828fe9e91dff27ae3c298e9b5c9a6ecfbf4d4	https://www.gutenberg.org/cache/epub/124/pg124.txt	books_txt/124.txt
125	698113	be8fe1edc228b5f74d5795425b68d329e9cf1a3926d3279ceb3f70d154e34573	https://www.gutenberg.org/cache/epub/125/pg125.txt	books_txt/125.txt
126	187696	86f24c0c5364a3cdcbf5cedb48816c0bdee482477dc6d1d88a434740d0009771	https://www.gutenberg.org/cache/epub/126/pg126.txt	books_txt/126.txt
127	1045813	7861b19bf79f0afd368f6b713368eb79edf2e68bae25ceb1a40724a731f5bdca	https://www.gutenberg.org/cache/epub/127/pg127.txt	books_txt/127.txt
128	629143	9b3f88ffdb36b112f8b3f23899efd71dbb7572cc765f33e9ad5a1a0f44f57eea	https://www.gutenberg.org/cache/epub/128/pg128.txt	books_txt/128.txt
129	5251160	e9cd017437a6fcf23d6ff5201e54b3697945dd8f478c43f6ea1e2dd736907dbb	https://www.gutenberg.org/files/129/129-0.txt	books_txt/129.txt
130	382206	ec525c93afddb05465bf6fa0af8f873078b8e42a2a24f9b999582994f054fdf2	https://www.gutenberg.org/cache/epub/130/pg130.txt	books_txt/130.txt
131	331509	13188e0d8cdc003befb5f70a41234c7b619c142cbbe4871564fd06406bda94bb	https://www.gutenberg.org/cache/epub/131/pg131.txt	books_txt/131.txt
132	342105	c478f7e05a07bf190585fcea0bc4658ce22e47949ac18444eca53fb274878ffe	https://www.gutenberg.org/cache/epub/132/pg132.txt	books_txt/132.txt
133	707359	d839ca2a496a4130cef755442a37cae23be398a46ece6afbcc92eb1a4ae265df	https://www.gutenberg.org/cache/epub/133/pg133.txt	books_txt/133.txt
134	286005	41cb9aaa7a504c5c96bb7de94efb6c19c5f34150fdedbeb21ce0b1c186245f1e	https://www.gutenberg.org/cache/epub/134/pg134.txt	books_txt/134.txt
135	3369207	6cf3b9d6fc5e6f733737425267d3af296d7f99f9b9fd1d255a3ab7689a6346ab	https://www.gutenberg.org/cache/epub/135/pg135.txt	books_txt/135.txt
136	74306	0684e08feb0fc8df5206ca899ba66937bef011bec11ac8e829fa3a8bea0e94bf	https://www.gutenberg.org/cache/epub/136/pg136.txt	books_txt/136.txt
137	112525	424f40d191808b08a3b033408981f1891165c2b097ec3b80a3451ec11ecd60c4	https://www.gutenberg.org/cache/epub/137/pg137.txt	books_txt/137.txt
138	413421	cfff8a9225b038dcf043a45bb111b7990e6ae46470fe9486c9f01d251f6d15a6	https://www.gutenberg.org/cache/epub/138/pg138.txt	books_txt/138.txt
139	451824	9fa6ee046745c09b5077f68c232f210ac672196d27e25b1aca13dbc643805c65	https://www.gutenberg.org/cache/epub/139/pg139.txt	books_txt/139.txt
140	854298	1a28274fdea8c1438ebad3d7d07946b3d8a0779754427ba4a4da3b64882b7514	https://www.gutenberg.org/cache/epub/140/pg140.txt	books_txt/140.txt
141	929142	b34723544dbe8185e786d0fdd47e42e7e1ac4265b84141e31ca260c1e36b68d8	https://www.gutenberg.org/cache/epub/141/pg141.txt	books_txt/141.txt
142	556718	050e4399e00a3412fead132f6a74545faadac251d010b254fea388a221425be6	https://www.gutenberg.org/cache/epub/142/pg142.txt	books_txt/142.txt
143	700364	afc11a8bb54ae3d37551d4d6d3523e5df2371665781da769344597969c116a00	https://www.gutenberg.org/cache/epub/143/pg143.txt	books_txt/143.txt
144	817026	c54be5a6ce683b41c070f3e5727bcbbb3be5938cc8be339711c110ba4ae63858	https://www.gutenberg.org/cache/epub/144/pg144.txt	books_txt/144.txt
145	1865684	dc2e0107e6ae07e8e33da934b2ec4e8e600826a2e0cd48df265119cd02e5fb50	https://www.gutenberg.org/cache/epub/145/pg145.txt	books_txt/145.txt
146	391991	004c4e47ab69973d8e8b164e950b9d77fd605a4ee8a42ce6a87fe42ab4c9fe21	https://www.gutenberg.org/cache/epub/146/pg146.txt	books_txt/146.txt
147	148539	9c467182c78bd246ab05ce5bef11c32cb748ebaa5622dedc4bd4c02a8a0fff90	https://www.gutenberg.org/cache/epub/147/pg147.txt	books_txt/147.txt
148	404717	32b5b6ba76ad51ec1f5630836a5da2f733e893d885772f846bd62f2111ec6eae	https://www.gutenberg.org/cache/epub/148/pg148.txt	books_txt/148.txt
149	235108	8b5f7a0ac4d77ae3e87cf3706699d65a61811ff902e7e81f58f0b6b889bb858a	https://www.gutenberg.org/cache/epub/149/pg149.txt	books_txt/149.txt
150	715543	2dda8b90ed8f071e955018e115ef2e4cbceb94ca42ba1a47ec63c09cdb07b2d5	https://www.gutenberg.org/cache/epub/150/pg150.txt	books_txt/150.txt
151	44253	97b2a12f1ae2c7724680bcfe584a3328eb87f908dc68c3e23ecf52b790772ee4	https://www.gutenberg.org/cache/epub/151/pg151.txt	books_txt/151.txt
152	374701	bcddb77249cb1268d47c907920cb677fff3c3395a9d85d39ef50fca50607eceb	https://www.gutenberg.org/cache/epub/152/pg152.txt	books_txt/152.txt
153	858807	b787d4fd196efdea49dc469365593d8bb1e18494b31c39c18ded39d2c6177745	https://www.gutenberg.org/cache/epub/153/pg153.txt	books_txt/153.txt
154	734110	0ddff78b3fab89b116975d2b808f685f22b652d2bc3b85bbe4188519f46552fd	https://www.gutenberg.org/cache/epub/154/pg154.txt	books_txt/154.txt
155	1135528	e2f9023a41c388fa2b0d2a21d71a363e603b33860d8d964e314b5f4da7e6f837	https://www.gutenberg.org/cache/epub/155/pg155.txt	books_txt/155.txt
156	20743	e30eeeef569c9a056aae323c6d1ccb891e82ac550146e2e91c4adab507896438	https://www.gutenberg.org/cache/epub/156/pg156.txt	books_txt/156.txt
157	240784	fe255e50dd559c898236162de06e9fe668554b7ceff8b0c1ca6f23fd1e552302	https://www.gutenberg.org/cache/epub/157/pg157.txt	books_txt/157.txt
158	933709	532b122b4e6a76cc556d6fdcd729b5892f5c4ce4a1b7060b9f832adfad8680dc	https://www.gutenberg.org/cache/epub/158/pg158.txt	books_txt/158.txt
159	269543	6085aef7b293dc0935974736f71e84c86952d5cb4cbad977fde942ffeba98a31	https://www.gutenberg.org/cache/epub/159/pg159.txt	books_txt/159.txt
160	392860	31d4577d255806b92c6296419adddd5ca460bdb788743878a09ded1e19f4161a	https://www.gutenberg.org/cache/epub/160/pg160.txt	books_txt/160.txt
161	712842	22272ec4d4da2f50cda51edf34ab8486b325c4a99580120db565fb8917228a22	https://www.gutenberg.org/cache/epub/161/pg161.txt	books_txt/161.txt
162	398652	de63380e1249093b597a0459c53c2e1f5fcfec00aab49ab30ae97123bf853c75	https://www.gutenberg.org/cache/epub/162/pg162.txt	books_txt/162.txt
163	212422	42efc969e2c988e8e17066f8d85558796bb25f955e48ae7735a3a09d5ef0e959	https://www.gutenberg.org/cache/epub/163/pg163.txt	books_txt/163.txt
164	638511	3562e063ad9027725d1feb2f945e86a0a90804a8ab19f8cb272884c436ebc34f	https://www.gutenberg.org/cache/epub/164/pg164.txt	books_txt/164.txt
165	680074	8a6d157190da426705691d0c861c78fc3bdc1a1933f3c2aa9f4834ef12a6cae1	https://www.gutenberg.org/cache/epub/165/pg165.txt	books_txt/165.txt
166	343552	a860fddffbaec1212c678e0ce3dd2aefaa2062729a550147c74596f04d219879	https://www.gutenberg.org/cache/epub/166/pg166.txt	books_txt/166.txt
167	276498	4d2bfc199c12161f039ee2125c393fab35a75c6e04638503d3576c426b2bf66c	https://www.gutenberg.org/cache/epub/167/pg167.txt	books_txt/167.txt
168	239472	0e48fa5acb16d607f50cae7f8b2818b5ddb5c46cace03727b3cb20dc4f509eae	https://www.gutenberg.org/cache/epub/168/pg168.txt	books_txt/168.txt
169	1202760	eebab2428c982c4b9c6261348d1ac71be71f10d6edc71b8bb2c513f8ad82fa19	https://www.gutenberg.org/cache/epub/169/pg169.txt	books_txt/169.txt
170	385278	179880ac243bb81fae56b588dd90342c85008f87c237c188a39f3bc49b03806f	https://www.gutenberg.org/cache/epub/170/pg170.txt	books_txt/170.txt
171	236392	cdb29afa6f0212d1b28dfe2b7d3833355591b1c626b2f75597933a2022a8579e	https://www.gutenberg.org/cache/epub/171/pg171.txt	books_txt/171.txt
172	375461	7959f50e5f1549aec9d2b3780dc2aedfa62d66d108b1096c0620187e6f80d66a	https://www.gutenberg.org/cache/epub/172/pg172.txt	books_txt/172.txt
173	445290	dcffc09223485dc810da0f063c1b091a5dfef4b869a2ea40c0c1888325273605	https://www.gutenberg.org/cache/epub/173/pg173.txt	books_txt/173.txt
174	465814	38f36b510417177aa87a6a24c968e3ec63a447b7df36a9c1a7c5a3f2d9e51547	https://www.gutenberg.org/cache/epub/174/pg174.txt	books_txt/174.txt
175	504831	3446072ac437e347bbc6004e01d13794aabc9dcc6ce611c8c5d9a2c87fa20761	https://www.gutenberg.org/cache/epub/175/pg175.txt	books_txt/175.txt
176	786979	5c6214bec7cc9a26acb6f26380a924b9f5e96b8861b0b1e7260e5df6bd349421	https://www.gutenberg.org/cache/epub/176/pg176.txt	books_txt/176.txt
177	794211	bd38b7a6a7ecd9cb915cba5a625204549c67b6e65db389274816f674ca67360c	https://www.gutenberg.org/cache/epub/177/pg177.txt	books_txt/177.txt
178	458525	aca97679a02809f81e7337cf299f2c344c4de6e1d6e517f362c72a16dc976f45	https://www.gutenberg.org/cache/epub/178/pg178.txt	books_txt/178.txt
179	371796	9b9f3136261099c612392b37b530b381d5f6de78805c55c7622ff95dbdb996b1	https://www.gutenberg.org/cache/epub/179/pg179.txt	books_txt/179.txt
180	2827585	bebb00ec76863322bcf598a302f20a3e7913581d7b5671ae6d73fddc216d5924	https://www.gutenberg.org/cache/epub/180/pg180.txt	books_txt/180.txt
181	58484	a17aa19eb2bf7f6d4c7ab7fa51f1109cf08e4e40ef2224938f027057f2b6849c	https://www.gutenberg.org/cache/epub/181/pg181.txt	books_txt/181.txt
200	8312680	a10582fcccc741945846537c102fdcade0e6ce33ab2672bba7ff3a13dceaf92f	https://www.gutenberg.org/cache/epub/200/pg200.txt	books_txt/200.txt
201	227452	03dd4508636e44ab9b37efda856745545f22ea5ace95e2eb16c3ef50307cd9f7	https://www.gutenberg.org/cache/epub/201/pg201.txt	books_txt/201.txt
202	798777	d47cded1b5f559155f05184c353ea8dc51a15d15c37efc6a5eaa62930a8cf5f2	https://www.gutenberg.org/cache/epub/202/pg202.txt	books_txt/202.txt
203	1079453	95e4ce1153f8506d9903df84541cfa99c8ac6ad3ad69bcf5ea37d042d01a0a98	https://www.gutenberg.org/cache/epub/203/pg203.txt	books_txt/203.txt
204	477688	77ef9c0c42a6800c5436d8adf3c7d55fab99039bc4c902b3e4d2daae328c120f	https://www.gutenberg.org/cache/epub/204/pg204.txt	books_txt/204.txt
205	667957	2d9a76a2e3e8195c69430516ebd33c4d0757a53ad432ff6186b7b794e6fe99f9	https://www.gutenberg.org/cache/epub/205/pg205.txt	books_txt/205.txt
206	818013	9a75a13992b54d96b18391c681b0b7f9fa997ab1be81667b1603e90ca7e47e00	https://www.gutenberg.org/cache/epub/206/pg206.txt	books_txt/206.txt
207	97959	0723ce9010b7df6078bb850c4193b588769891d3d5faf2b11368934954c9eb6d	https://www.gutenberg.org/cache/epub/207/pg207.txt	books_txt/207.txt
208	148811	c0fc6ec8e903697e2a968df33eee4caf3e6481122b5ca36430aa23af6bb64c9e	https://www.gutenberg.org/cache/epub/208/pg208.txt	books_txt/208.txt
209	259197	171afa184a54b6004194e02047f5d01cf216d8bc519ddfb671a1e41d80bbdf65	https://www.gutenberg.org/cache/epub/209/pg209.txt	books_txt/209.txt
210	182206	feb8ec0a63f7c4d4bf0132074a0f76d881b159578dd35b4a82cfbd90596429a7	https://www.gutenberg.org/cache/epub/210/pg210.txt	books_txt/210.txt
211	234592	4cc241cc406c4f4ab3b17a1a5c9e331939469366dceb3c92bae3fa3956fc6f72	https://www.gutenberg.org/cache/epub/211/pg211.txt	books_txt/211.txt
212	270640	70abd48001b410be28b602df047446bac180806a26b7bb1becbacd9396e79cf1	https://www.gutenberg.org/cache/epub/212/pg212.txt	books_txt/212.txt
213	162902	80d20cb5b84daed17d10c4f4e6ca8cefb17f715e71514511fd773cddb6402f64	https://www.gutenberg.org/cache/epub/213/pg213.txt	books_txt/213.txt
214	182898	dae08e7ad618b825884eefba2f07c75d175a2f4c8817612e855931350a7f2489	https://www.gutenberg.org/cache/epub/214/pg214.txt	books_txt/214.txt
215	199757	30f569c5671bba7bbc4a92ab6d8ee01a0d3be00f994819c77da62c28041eb8a2	https://www.gutenberg.org/cache/epub/215/pg215.txt	books_txt/215.txt
216	80552	041568f8dfef3ac6c2deb7699756f9d26d6aa8669647f4ce611b0ed4a95b0db6	https://www.gutenberg.org/cache/epub/216/pg216.txt	books_txt/216.txt
217	954721	1801179983c48e1fa1e5f77b068d2c77e61d3b9cad839c841c809397f022a1d6	https://www.gutenberg.org/cache/epub/217/pg217.txt	books_txt/217.txt
218	169899	84ac8411841a4d8f5f4a49b6a2cd1f466917c6a5af72916d5e0b2b1ecb2f659c	https://www.gutenberg.org/cache/epub/218/pg218.txt	books_txt/218.txt
219	237072	c0b0bc91c7695f9d01aacb240e82a9b559f57558f98ad0b1f167eba21f6be6f7	https://www.gutenberg.org/cache/epub/219/pg219.txt	books_txt/219.txt
220	111910	c5603672a94e12112d6334102f183c5a3981a817aceb776048b4b5d7a8a2d2ad	https://www.gutenberg.org/cache/epub/220/pg220.txt	books_txt/220.txt
221	653959	3b0f640ee0d6a92dc44409be18e97f60cfb5bb53b6149fdd0c4227c0d2ce63da	https://www.gutenberg.org/cache/epub/221/pg221.txt	books_txt/221.txt
222	441531	238ba5e2413c4f33d0b4ab3440902754078a2dfa2537bed52463408dd01d7869	https://www.gutenberg.org/cache/epub/222/pg222.txt	books_txt/222.txt
223	434825	521fc7b9a4e85e05a2d95c985162e3008683f82d4fc1e8e69965c621aa136318	https://www.gutenberg.org/cache/epub/223/pg223.txt	books_txt/223.txt
224	789005	aa2401526c7af8c422e2261cf1413fead3b93eb90a8b093ed2f31e9ab183df30	https://www.gutenberg.org/cache/epub/224/pg224.txt	books_txt/224.txt
225	506175	6fec2c466752ca2d4c3f2b5d35fff11d21407920f1288ffd7577b3038252d70c	https://www.gutenberg.org/cache/epub/225/pg225.txt	books_txt/225.txt
226	112390	d35576eee076806a236f7f9edf8c1a07462a4102084e025076f6227d8847afdb	https://www.gutenberg.org/cache/epub/226/pg226.txt	books_txt/226.txt
227	495876	2620ba82c00964d1a1f0458c8cf171946f158a06de0d0e764594170602c4c7b8	https://www.gutenberg.org/cache/epub/227/pg227.txt	books_txt/227.txt
228	746759	398117fc34d7876e681e1feae1ebabfc72485be17f819779796d3dcfe886a504	https://www.gutenberg.org/cache/epub/228/pg228.txt	books_txt/228.txt
229	61029	d25307d3cc2cb1a1998a08de1ee9013fdcc5cbd0e79f87b1b59588344b27f1c7	https://www.gutenberg.org/cache/epub/229/pg229.txt	books_txt/229.txt
230	68375	43e7901aaefcfc2f8a4bb388ba916f3306dce45b1f6d7fe9955cb706ea13820d	https://www.gutenberg.org/cache/epub/230/pg230.txt	books_txt/230.txt
231	124786	4d1621b9a04e08180c120267e576a8cc05d501126a7418a50d5d0401a2d5a301	https://www.gutenberg.org/cache/epub/231/pg231.txt	books_txt/231.txt
232	145286	a64ab48c6931329cb2b3aab84cd9a9091ec618260999b51a5456b42cabebc16b	https://www.gutenberg.org/cache/epub/232/pg232.txt	books_txt/232.txt
233	942063	091801ae1f03d45e9f3bff3daff1fde3d44318fe3ced10c481f9822274a88e68	https://www.gutenberg.org/cache/epub/233/pg233.txt	books_txt/233.txt
234	278505	57d83764cd5543d73ac28b6ed1c918fa413d5071753a754a67f98698e926c14f	https://www.gutenberg.org/cache/epub/234/pg234.txt	books_txt/234.txt
235	35507	d6ed8987d89d7d8d48af1a39186eabedbeb04d6dc359dae4314696a0ee600902	https://www.gutenberg.org/cache/epub/235/pg235.txt	books_txt/235.txt
236	303640	571353c4c69d127020fb16cd6a566f1d80101bc0fc3cf2b0c2ea5678bf4c769f	https://www.gutenberg.org/cache/epub/236/pg236.txt	books_txt/236.txt
237	52615	fecb47accff6bf83de50d29d95a51b7c3ed511cefd6734514d097e1c15cc4f27	https://www.gutenberg.org/cache/epub/237/pg237.txt	books_txt/237.txt
238	396794	f753a0b22cefbd966ec07d559f0e880356a294c469e69282b1582de2000ead95	https://www.gutenberg.org/cache/epub/238/pg238.txt	books_txt/238.txt
239	19908	e96c360896b1724a825f4ad6a5bfbf95d75363e3c815d56674d8e7609132fe73	https://www.gutenberg.org/files/239/239.txt	books_txt/239.txt
240	182141	412fa0cfff407146d9bb0fcce73bbcef0363dd65eb9bfe259c49be993b0bfd96	https://www.gutenberg.org/cache/epub/240/pg240.txt	books_txt/240.txt
241	284893	a1f04431b2e07f9fee6842846dd6949db120bce52b84d76d69495a122888d379	https://www.gutenberg.org/cache/epub/241/pg241.txt	books_txt/241.txt
242	475760	d078445e530bad6c0b1f33bd23a71a2f6fa717e8b30a57b9343a01c8510533c5	https://www.gutenberg.org/cache/epub/242/pg242.txt	books_txt/242.txt
243	352348	544ccde7ea99ec27dfb604fbf1be2287e50dc93af2358b68c85e22c0d7c9d3a2	https://www.gutenberg.org/cache/epub/243/pg243.txt	books_txt/243.txt
244	268777	8bbec71f9fa9c2acc9afe9be70560ca5f65c1bc95ef5af8252e9097f8d012497	https://www.gutenberg.org/cache/epub/244/pg244.txt	books_txt/244.txt
245	843430	91388a58a49f9c321fc5b1611560b0302d043a7e955c2f3f6c619d91befc8f01	https://www.gutenberg.org/cache/epub/245/pg245.txt	books_txt/245.txt
246	90380	711166b8e22f048a2fc79599d5db3520f78120f42b2473a431df07863ce769b0	https://www.gutenberg.org/cache/epub/246/pg246.txt	books_txt/246.txt
247	1552904	acb4aeae8b5dff09dc9e48c8755069289764994d7ce092c47d8db9e807b93c2b	https://www.gutenberg.org/cache/epub/247/pg247.txt	books_txt/247.txt
248	1568261	217368bc93f4f1d9179c8e4f3e1dedcc8137414eeb4ec85439d4d72ce9b5e311	https://www.gutenberg.org/cache/epub/248/pg248.txt	books_txt/248.txt
249	32530	416c4ca8f4dddd7edc851c1b741615fcf24ee2c544fee5af87f2896f123fdc05	https://www.gutenberg.org/cache/epub/249/pg249.txt	books_txt/249.txt
250	118842	dc159871cbbd95412b955368f87aa9996f49c434c834d48b3ec740232bd24c46	https://www.gutenberg.org/cache/epub/250/pg250.txt	books_txt/250.txt
251	64718	fae7aa9d244d908b8b19c03407cb45ac534d4dbf2ad42fff61af064e8e034aef	https://www.gutenberg.org/cache/epub/251/pg251.txt	books_txt/251.txt
252	218977	da77f8c3405a40fd822084aeb53a1af3ff35d9e7c057872ee65bd8104e72f216	https://www.gutenberg.org/cache/epub/252/pg252.txt	books_txt/252.txt
253	71875	2e6e4af7f0bcbe0c0ce780576095bebcb301d1c9dba71830f7a093db33a09080	https://www.gutenberg.org/cache/epub/253/pg253.txt	books_txt/253.txt
254	54442	59b4162fed14f8bc0f163b4d6aa056baf50d11f02e63655f41a54ce9c0fd6a6e	https://www.gutenberg.org/cache/epub/254/pg254.txt	books_txt/254.txt
255	22206	3fb7fb7e3142e3dc25eb3b2b3a2439611d29f193099f94cf72c3b1b52f37e72e	https://www.gutenberg.org/cache/epub/255/pg255.txt	books_txt/255.txt
256	19882	bfb9762ae09274b2aeedd28cb01845139fc3a0e7052be91373e580080e0b7b84	https://www.gutenberg.org/files/256/256.txt	books_txt/256.txt
257	521393	58458e57a053beb866863e2d9551e56e4abefe7d5f8c6471f5cf09926ee641ba	https://www.gutenberg.org/cache/epub/257/pg257.txt	books_txt/257.txt
258	406642	11e30057753b6d7ed77bdc935b81754947d6c331624da94eb5b6b2a42db331f3	https://www.gutenberg.org/cache/epub/258/pg258.txt	books_txt/258.txt
259	132908	d7c978505f0eea23a543d347d3a625d017e1874061cc3d17811d068531044a06	https://www.gutenberg.org/cache/epub/259/pg259.txt	books_txt/259.txt
260	715788	9205ae7b28010fcea3f9fea0ad64198e038e96a639a05017b47f38c261025c29	https://www.gutenberg.org/cache/epub/260/pg260.txt	books_txt/260.txt
261	114600	63bfd18082fb01fd7800fa61007e5f6a591f36d3b2e0e0d848543006f6cc62e5	https://www.gutenberg.org/cache/epub/261/pg261.txt	books_txt/261.txt
262	176889	a5dd99336f11127c381fbfbfffbcc0c1b759b53ccacfbb0ee459a5c1caa82ce2	https://www.gutenberg.org/cache/epub/262/pg262.txt	books_txt/262.txt
263	60051	4b459d41c46c4a50c10bd35623a0791e5accb1835074cf024956b596983a04d5	https://www.gutenberg.org/cache/epub/263/pg263.txt	books_txt/263.txt
264	61431	5b25b039b65c5fa97f2853956f3b09c524a16b610ecb509a63778c81e5555146	https://www.gutenberg.org/cache/epub/264/pg264.txt	books_txt/264.txt
265	125280	1905ec9664b72a8b8fd6aa081a6969af8d21f22ebb69d27a968548660835e63c	https://www.gutenberg.org/cache/epub/265/pg265.txt	books_txt/265.txt
266	1159014	cb7e3703479eb2e07d299057741ede1df3a1570cd05061fe38a6e5e120e2cf3b	https://www.gutenberg.org/cache/epub/266/pg266.txt	books_txt/266.txt
267	177949	02e27e05f3148374c53efc1dd05b3245b3088b8bed4212b0c4ce6551ef336a95	https://www.gutenberg.org/cache/epub/267/pg267.txt	books_txt/267.txt
268	1170555	cb7bc07fcc690d8019dda93134e4a18cb74c1043985024dc430e5d5b52d77c45	https://www.gutenberg.org/cache/epub/268/pg268.txt	books_txt/268.txt
269	392717	058d0cda5a3c8449cbce06e0698048251881be4c6fc8d06fd0bc3a1bb8ec8587	https://www.gutenberg.org/cache/epub/269/pg269.txt	books_txt/269.txt
270	239571	0965e7c97b1d8b8553f2c190195fc407407b9cfd006febd9a31b0bcf9cc65d30	https://www.gutenberg.org/cache/epub/270/pg270.txt	books_txt/270.txt
271	333280	493a70f2cd5580db12ba0bfee8d8fe74daa578f927c3db81afe285b31391d5a5	https://www.gutenberg.org/cache/epub/271/pg271.txt	books_txt/271.txt
272	57193	08f574fc362b58576d95f0dd299bdb17f030d7ec12bcd9c7dda255109d647203	https://www.gutenberg.org/cache/epub/272/pg272.txt	books_txt/272.txt
273	97547	1a9df673efcd3a5bd7353b524a7bf03e54c882f0b1c54c193b5e02c2a78c51db	https://www.gutenberg.org/cache/epub/273/pg273.txt	books_txt/273.txt
274	50091	edb5dbcb5363073aa8392f40ebc9696ed566dc7e4143bce23440cff1f411b1c2	https://www.gutenberg.org/cache/epub/274/pg274.txt	books_txt/274.txt
275	104831	48d8cbd13722e0217d7522ce9fdd7a7cde6e3efeec7ef1206f8c7b7c90eb555a	https://www.gutenberg.org/cache/epub/275/pg275.txt	books_txt/275.txt
276	20809	484c2208d8f3e1ab737aebde6e2bf4907be6c8e941ce25da916c1b8e31be2265	https://www.gutenberg.org/cache/epub/276/pg276.txt	books_txt/276.txt
277	48032	edca67174c9ec0514ee7b515f4673d60d5c507ceb8a23144ae3d573a5afe1049	https://www.gutenberg.org/cache/epub/277/pg277.txt	books_txt/277.txt
278	47611	821f17ce246f6bb19e4fac47ece3b97417be4b5d306d8ca0783a3e52fb969a0c	https://www.gutenberg.org/cache/epub/278/pg278.txt	books_txt/278.txt
279	20757	b98ea7b15a7664d4dd665d2154d57104879467db8bdf402f843ac0e36aa28eae	https://www.gutenberg.org/cache/epub/279/pg279.txt	books_txt/279.txt
280	410275	85cb02a99a78415a970d7b6dcfe7ffb50f033edd53ad12fae088b149f76657a7	https://www.gutenberg.org/cache/epub/280/pg280.txt	books_txt/280.txt
281	51561	8b92feb6d123d9f77a8b5860dfaeec2e40cfc25c01df56961dbad23df1a2bca2	https://www.gutenberg.org/cache/epub/281/pg281.txt	books_txt/281.txt
282	526799	27601e0a88a918987b6540fcffecc6507fcaedb2301e9186faba9522908434b8	https://www.gutenberg.org/cache/epub/282/pg282.txt	books_txt/282.txt
283	576572	05e6ece3440068f119cda02b2c628670457661f49d31ffbe44a2443a85139de0	https://www.gutenberg.org/cache/epub/283/pg283.txt	books_txt/283.txt
284	777957	52728930e0b308772f8781b1e8b20a981b38cdebf161c20fb84ffc6764c1b6df	https://www.gutenberg.org/cache/epub/284/pg284.txt	books_txt/284.txt
285	555413	58e2cf1b4698fc1353a28c6aa262efea68cd2f63091d2f0dc2925679d719a2c9	https://www.gutenberg.org/cache/epub/285/pg285.txt	books_txt/285.txt
286	855874	edd0d959a16d94f12f3af8408cb576b559a69ea3291a67d12c1d7564f9cbe790	https://www.gutenberg.org/cache/epub/286/pg286.txt	books_txt/286.txt
287	487337	7c96f5f420009003073cf41314a7657d168067db666e71fe4bf056b037f80cae	https://www.gutenberg.org/cache/epub/287/pg287.txt	books_txt/287.txt
288	349143	3982283d37fe37424484e6f41d52c80d812af2a550c9244557a9deb5264714ca	https://www.gutenberg.org/cache/epub/288/pg288.txt	books_txt/288.txt
289	358358	98f6b6cda20087857cefe9121b71d6166c1b92423bb7645fdba3c45ff0c141e8	https://www.gutenberg.org/cache/epub/289/pg289.txt	books_txt/289.txt
290	446139	660a6019691c51ff06d416da7c7205a1151f75e5e3bf50957851fad5640f49ec	https://www.gutenberg.org/cache/epub/290/pg290.txt	books_txt/290.txt
291	232126	7c0f6827f71e688dea22b398ea3e6cc5b50909c81f19c91ef1c48345915c5c49	https://www.gutenberg.org/cache/epub/291/pg291.txt	books_txt/291.txt
292	517837	3ca7402a9942de5de3c39aa11266a40b7c5671e2079425bcd65c9b04d390654b	https://www.gutenberg.org/cache/epub/292/pg292.txt	books_txt/292.txt
293	366315	7c0ef393582978f0a364186fa2e3a8901d4bc366197867a5a9f98b5565ec54a4	https://www.gutenberg.org/cache/epub/293/pg293.txt	books_txt/293.txt
294	496262	25232a4c245d2eaec5e7404577ba036fa0606716ae51e2625d8c02e4ac59324f	https://www.gutenberg.org/cache/epub/294/pg294.txt	books_txt/294.txt
295	267762	1d661ee3b1e8d90beaca1e8ba10c05fdfe525dcf30c593a764570121b3a18ec8	https://www.gutenberg.org/cache/epub/295/pg295.txt	books_txt/295.txt
296	181516	804a414a05b92832cb5d1f82c9f795a11814f64e932e9c92ad78687d18befb51	https://www.gutenberg.org/cache/epub/296/pg296.txt	books_txt/296.txt
297	435548	8a82ad97d684e382e0f8b70b01230e72d0baeead5326bddc39033c065370940b	https://www.gutenberg.org/cache/epub/297/pg297.txt	books_txt/297.txt
298	713731	5129795e4777200f09ae48c818c0adf1b8062ef58d85e378c323dda43b797da0	https://www.gutenberg.org/cache/epub/298/pg298.txt	books_txt/298.txt
299	348571	5894cb49c3199b96dae7552db9dfa802b85b12ae2fd5d65ab47f2c784e36bb45	https://www.gutenberg.org/cache/epub/299/pg299.txt	books_txt/299.txt
300	29692	ba2c2e011341fdefca027abafd069b135de6bbb826f6a2024efd98cdb41e976a	https://www.gutenberg.org/cache/epub/300/pg300.txt	books_txt/300.txt
301	84955	4f7cd480ced9757e3e72869a63d9a979bbb45cb77280d74a739dbd2818dcdb1e	https://www.gutenberg.org/cache/epub/301/pg301.txt	books_txt/301.txt
302	171147	b293a096b5bab8d55bf42896d7b609f412587eee4c8cf93cde219abf12931d56	https://www.gutenberg.org/cache/epub/302/pg302.txt	books_txt/302.txt
303	20728	963705bc46852ac90b2cf9efa98ad0f8306377c4bfb6e3f0b6ae698e9d21467c	https://www.gutenberg.org/cache/epub/303/pg303.txt	books_txt/303.txt
304	159490	bd6387f776f88f5f4b7cfb2690557258725687ae553178b30c212737d26ff93b	https://www.gutenberg.org/cache/epub/304/pg304.txt	books_txt/304.txt
305	692438	8fcb007a7ca572db68e56d09ca24beff361a91ac70e92a28aed6c2434efcdda8	https://www.gutenberg.org/cache/epub/305/pg305.txt	books_txt/305.txt
306	284287	7fcc1f786d46f20e0ffffa77533589c2aaa2e48783f3123e3dc9f73161516812	https://www.gutenberg.org/cache/epub/306/pg306.txt	books_txt/306.txt
307	210590	53b84a512ac3fabd2ccfd23f5e77c57c91a3f14d82832c508709ef79eab55484	https://www.gutenberg.org/cache/epub/307/pg307.txt	books_txt/307.txt
308	394007	96f8a59418b81354aeccad6065c160fe796867cd7ebcdc0fe95183ae23fcb63c	https://www.gutenberg.org/cache/epub/308/pg308.txt	books_txt/308.txt
309	160800	e5c50000bc9ed5ee131ab6ec15b098e39725f08e6f1fee03822e583a36c6a6e5	https://www.gutenberg.org/cache/epub/309/pg309.txt	books_txt/309.txt
310	234667	8158fecadb3b3d409848b1c88b7ec49802dfc013f71aa2c27c6ded17f091fc6e	https://www.gutenberg.org/cache/epub/310/pg310.txt	books_txt/310.txt
311	197276	04a17713f216e65e4a0937f82af63be86971def335e833e974cec55590d58eec	https://www.gutenberg.org/cache/epub/311/pg311.txt	books_txt/311.txt
312	110556	067aeff438b4d9bb118cc5a80e20d721698df0528164a52e8d40611a3563e7a2	https://www.gutenberg.org/cache/epub/312/pg312.txt	books_txt/312.txt
313	98934	c4dc55e3fb147bba1a79a6225781a8c0e817a1bb4afc5d5880d79966348ec511	https://www.gutenberg.org/cache/epub/313/pg313.txt	books_txt/313.txt
314	357510	4ee443ad3361b4c3e0380f5ce5fd019ab068f969f8222628e80e76949b0718b1	https://www.gutenberg.org/cache/epub/314/pg314.txt	books_txt/314.txt
315	161086	6ed085babbbdaac7e44063f9ee425e4a64e2ca47aafebf83c1af08f5d60a4efd	https://www.gutenberg.org/cache/epub/315/pg315.txt	books_txt/315.txt
316	456490	cfdfb3be9d807147b9654594a0357c8658f21e0f480c64eae0669b6cf915940d	https://www.gutenberg.org/cache/epub/316/pg316.txt	books_txt/316.txt
317	87821	1fd06b5ddaa4241bd6bd411c9bdfd806af1536900b40313e2b25ddf205bb1dda	https://www.gutenberg.org/cache/epub/317/pg317.txt	books_txt/317.txt
318	383300	4373791e43ef4c2ad807a334ffa48014b1688a99246323bb1e9d3d901471be7d	https://www.gutenberg.org/cache/epub/318/pg318.txt	books_txt/318.txt
319	405476	d7fc4c801838cbfec3fc1e6f214ee8f8866224da76f95b4065f028b97a3b8464	https://www.gutenberg.org/cache/epub/319/pg319.txt	books_txt/319.txt
320	131215	0abbdbd87fa5abb4e570a34deae14a97c291a3229f079087f2fabf391be3cca7	https://www.gutenberg.org/cache/epub/320/pg320.txt	books_txt/320.txt
321	277526	d2e85949f59ce95592429ae4d52109fd04cf30ea85a455ed1d20bfc8c375b911	https://www.gutenberg.org/cache/epub/321/pg321.txt	books_txt/321.txt
322	601870	e50424812e9067b500989ec8ce69b94eff905e4e53f25063d16de715324947e4	https://www.gutenberg.org/cache/epub/322/pg322.txt	books_txt/322.txt
323	348929	ffe3793581d484fd228df8550ac76610e19324f39f6ae5e9422d0dd5a8778c1c	https://www.gutenberg.org/cache/epub/323/pg323.txt	books_txt/323.txt
324	136955	32e0475dbf09083081fa173928d0dd665223656e68daf10763dc5e3f89d8dea6	https://www.gutenberg.org/cache/epub/324/pg324.txt	books_txt/324.txt
325	404532	0c2e1727d889006cae20f37284f6c9c71d64d808f36d92aeeb3dc83cfb4bd1ec	https://www.gutenberg.org/cache/epub/325/pg325.txt	books_txt/325.txt
326	502065	06f822144a900e355567663e924b125bdd3e017b1f8dce78ebd0216add86d1f2	https://www.gutenberg.org/cache/epub/326/pg326.txt	books_txt/326.txt
327	162524	57a23c24544700f9407ab7ead122f477d1910548d646c275dbf68c316f668696	https://www.gutenberg.org/cache/epub/327/pg327.txt	books_txt/327.txt
328	189214	dd2104dcbc50dfdf2895e15e8622d5b2f8e3f83afbd476a5ccca13834323a870	https://www.gutenberg.org/cache/epub/328/pg328.txt	books_txt/328.txt
329	280136	ab3fdedd09001050adc8cfd620e5d4a521b6d94a0fb1b26217241e87953ef6f9	https://www.gutenberg.org/cache/epub/329/pg329.txt	books_txt/329.txt
330	378196	705fba84914d728c17b09b495247947ca60b55a46c6e1161efaf13510afc5616	https://www.gutenberg.org/cache/epub/330/pg330.txt	books_txt/330.txt
331	721888	e6cfa1de1d65a27bfcce5ce227df673529265d0c0aed140ceb9d2d46de9731be	https://www.gutenberg.org/cache/epub/331/pg331.txt	books_txt/331.txt
332	320112	1c219b21579085e8324f8a0cc6937ac3203055f2a043a64e697a16e2bdd56616	https://www.gutenberg.org/cache/epub/332/pg332.txt	books_txt/332.txt
333	82443	3025f1ada26baf760b1037d25aff11b32156e4a82e3c43c8f938d4f5cc251911	https://www.gutenberg.org/cache/epub/333/pg333.txt	books_txt/333.txt
334	91288	6b9641c83b785e951ddfff104fa337378aea09cb8147c77c0fe64bfa26f5bb72	https://www.gutenberg.org/cache/epub/334/pg334.txt	books_txt/334.txt
335	224048	adae2f4e19a8f7a89559b499b924eb82cbd38d76ddf9d83d9e0bad4785e3c24a	https://www.gutenberg.org/cache/epub/335/pg335.txt	books_txt/335.txt
336	245730	358569923acb6bcbe16a8ebe76b88a50460b79469ef52f0a26f59eaaef296533	https://www.gutenberg.org/cache/epub/336/pg336.txt	books_txt/336.txt
337	327803	244932a68097f44225270f6e3778c80fe71a08b3952bdd4d70449b8bea3945f4	https://www.gutenberg.org/cache/epub/337/pg337.txt	books_txt/337.txt
338	122165	8c0fb30d34d239dbc6c9758d1e62baa551f90c01f7ec30a8b8832d5e607082d9	https://www.gutenberg.org/cache/epub/338/pg338.txt	books_txt/338.txt
339	296888	e5e47361cc29fb2a4fb2799c3e42a2dcd541c0fdfae1247d12adee9f0b2b20b2	https://www.gutenberg.org/cache/epub/339/pg339.txt	books_txt/339.txt
340	120559	6cb4c8206e7fa60ec54549df393c280674935a02cc68b86508eed21c05a6bc04	https://www.gutenberg.org/cache/epub/340/pg340.txt	books_txt/340.txt
341	262453	37ff71c6afd0e435fa6b4f379be5363b40ab005f9b362954429df286b0b31f17	https://www.gutenberg.org/cache/epub/341/pg341.txt	books_txt/341.txt
342	188884	0ce459c4c848ce8f53aad5651ed0ee5f246b172ea44b133f8f703c5750e75927	https://www.gutenberg.org/cache/epub/342/pg342.txt	books_txt/342.txt
343	96803	bc5d48539eeb768fdc08326c8775d94affe14c303bc1ea553861cca712c48a8a	https://www.gutenberg.org/cache/epub/343/pg343.txt	books_txt/343.txt
344	468382	4c397d6e1688b525c58c60ad565a63717feee1d0f7db36e69281919e6492aa16	https://www.gutenberg.org/cache/epub/344/pg344.txt	books_txt/344.txt
345	890348	96cd16eacdbfebae8fdda5591f66e0cc8ee76be18e0cd1aca02bc00615782d28	https://www.gutenberg.org/cache/epub/345/pg345.txt	books_txt/345.txt
346	502400	926b042528d42a6e8b0e062dfee1987fbbb4ddbe1ea6601d2b61fc77b452f521	https://www.gutenberg.org/cache/epub/346/pg346.txt	books_txt/346.txt
347	407410	1fe7d90f6525102222560392e23ab414788f816f40a08c75b2f5ce52d7b61f25	https://www.gutenberg.org/cache/epub/347/pg347.txt	books_txt/347.txt
348	547932	ba394b58b5c57fd137af888a20abf3d1c3515c273b0f29da4778484bb15349f2	https://www.gutenberg.org/cache/epub/348/pg348.txt	books_txt/348.txt
349	833111	6c9bfea3a14b4627dbb2f42eca6bd311a4d2eeb47d8625ac6ffcbd61c6d1eda9	https://www.gutenberg.org/cache/epub/349/pg349.txt	books_txt/349.txt
350	598064	c0427a8755af73df948cb775ed3793a70c78413580368aec627b9bdc72484670	https://www.gutenberg.org/cache/epub/350/pg350.txt	books_txt/350.txt
351	1487461	902ff1c848370f9c6420e95a347949f74285b991328c533f4fa7c1ac876b2037	https://www.gutenberg.org/cache/epub/351/pg351.txt	books_txt/351.txt
352	275676	387f54e02da682435bb57d6937a135085ab94bcf8c9c71b6b47b980d9122c33a	https://www.gutenberg.org/cache/epub/352/pg352.txt	books_txt/352.txt
353	188024	0950230ce9e511bca99fa37882cd4f20d2973f953f69c98d6dc67cb0f29ab27a	https://www.gutenberg.org/cache/epub/353/pg353.txt	books_txt/353.txt
354	510943	8fc9138322ef35d1bee7b5bf89a1e91d13850658c5f0d9a5e318f317b698b32f	https://www.gutenberg.org/cache/epub/354/pg354.txt	books_txt/354.txt
355	116634	2dadaefb17cf293f62e56ae1825d063a2623d0d3060fc579afd394b321821841	https://www.gutenberg.org/cache/epub/355/pg355.txt	books_txt/355.txt
356	237671	203c5182a4186b5415e3e626ea0095534e11831ac187597ac0dbba1708876007	https://www.gutenberg.org/cache/epub/356/pg356.txt	books_txt/356.txt
357	186516	e68899a105096e6ddad78f5454500482b5467fc61b4c5c47a85987f2c08012da	https://www.gutenberg.org/cache/epub/357/pg357.txt	books_txt/357.txt
358	143722	f519982cca83dff17affae09bc92fdf506db802e9e7333d76a9a178830196098	https://www.gutenberg.org/cache/epub/358/pg358.txt	books_txt/358.txt
359	536059	89024b80b2d2f4fcb4dd3713f5bbb9c37c39f5224c39e7700567fb0e6f37fed2	https://www.gutenberg.org/cache/epub/359/pg359.txt	books_txt/359.txt
360	950212	2b29b0bc7411ac4044187e9fb2a27934efde21bd720ee1e8b2705e42c20e67b7	https://www.gutenberg.org/cache/epub/360/pg360.txt	books_txt/360.txt
361	471543	bbad07b60c6d24f306073fa5293850ed73b9781b2238c915a326d1dd3f75070f	https://www.gutenberg.org/cache/epub/361/pg361.txt	books_txt/361.txt
362	438013	334ef503531a034b48819b877b40a169880afa9dd2f1a776aae712cc1c1479fc	https://www.gutenberg.org/cache/epub/362/pg362.txt	books_txt/362.txt
363	260457	494730767b9697be4e75408a30a401b3004477fdbe900a6eb014e8f66041b311	https://www.gutenberg.org/cache/epub/363/pg363.txt	books_txt/363.txt
364	553544	73d88d3b6c176a76923f9d865b689027afed9079c509281ec2f83f535673a2a1	https://www.gutenberg.org/cache/epub/364/pg364.txt	books_txt/364.txt
365	219653	f7939de692b991b2a539e2e5e71a0d566762f352545f9fbd25aff76210702736	https://www.gutenberg.org/cache/epub/365/pg365.txt	books_txt/365.txt
366	283386	57b97268323b90c827a4af2b03a0d2d893e3faf5888d066ddc7d153ef4dbeb57	https://www.gutenberg.org/cache/epub/366/pg366.txt	books_txt/366.txt
367	254782	ff48b61ae482871dd66a319b657278d56a900e536646cb037e0c7f84c877229b	https://www.gutenberg.org/cache/epub/367/pg367.txt	books_txt/367.txt
368	264816	a0b8613f5a9c0ee604b53d6aa68388084bdefbf24e1f5e9749aafe2c8448efa3	https://www.gutenberg.org/cache/epub/368/pg368.txt	books_txt/368.txt
369	387927	5686a283157b701dd22b3776fdc80ed03b8ff5a609b0117a9ec21621206f868c	https://www.gutenberg.org/cache/epub/369/pg369.txt	books_txt/369.txt
370	743206	24798589d70239a14baa9cb7b8c70c067395e0798f24482aa9a1bb06f41c182f	https://www.gutenberg.org/cache/epub/370/pg370.txt	books_txt/370.txt
371	260477	6fb076875133c592fbd4f3f18cb0de1694b91db585f2512a572fe7c09bd32848	https://www.gutenberg.org/cache/epub/371/pg371.txt	books_txt/371.txt
372	384274	64d3ff39f4c3d076974c201ecc8a7b8c6ec1799d1d38f971c101c30e2d050a6b	https://www.gutenberg.org/cache/epub/372/pg372.txt	books_txt/372.txt
373	502545	0a02e983dba3b3c73ad0b1f8342759fe516f7aebebf3384372c4676183965aa1	https://www.gutenberg.org/cache/epub/373/pg373.txt	books_txt/373.txt
374	189133	68d03908c8b793436f7005c14133b12f36193a99ad8c8bead89d8d903b9b3c0d	https://www.gutenberg.org/cache/epub/374/pg374.txt	books_txt/374.txt
375	41575	a64e03d1b1c8e5c24dc8a835083ab660b0690244487ec5c6f4a7884d47f882b4	https://www.gutenberg.org/cache/epub/375/pg375.txt	books_txt/375.txt
376	602028	7e891b79a891e65ca4c1e16a78ff7f30d0e1c6c0c6c7d9bcf26d53cd2920da0d	https://www.gutenberg.org/cache/epub/376/pg376.txt	books_txt/376.txt
377	62948	2a012e0bb96b1e0b3b637ff6622cbe89cfbb6a0ad41caa199186c1cf7ed43ddc	https://www.gutenberg.org/cache/epub/377/pg377.txt	books_txt/377.txt
378	904336	ebcf072a27861a77b592fbe6764f9a90cc9920d20c9ff5d7d230b9c620f97e54	https://www.gutenberg.org/cache/epub/378/pg378.txt	books_txt/378.txt
379	396777	d082e6068573abcdb79011548e381390ed970ef4f729994da945dedd5c140761	https://www.gutenberg.org/cache/epub/379/pg379.txt	books_txt/379.txt
380	299100	7e7dc964e0947e38f1452da717d57a993dfe4d1c8299fee84b26b86eac717c51	https://www.gutenberg.org/cache/epub/380/pg380.txt	books_txt/380.txt
381	321603	3ab85a5dfadda848b3b9e0d92655b23641e3d8aa81d3a3423a7c2590ac4c0e45	https://www.gutenberg.org/cache/epub/381/pg381.txt	books_txt/381.txt
382	146210	f5bed9ed078a56eecc29731d6d65db0c4a7f8bd7bcf7333810f12ed68bf3b78c	https://www.gutenberg.org/cache/epub/382/pg382.txt	books_txt/382.txt
383	154523	2a43bb86a2bded0ac888f59ebd08a674d3c9b58174a0c9bcdae551f68e468870	https://www.gutenberg.org/cache/epub/383/pg383.txt	books_txt/383.txt
384	564232	3789ffaec9ec2cdb0f4409a9f72717e3f4eae1fda5c086da21c61b2859d7f6a6	https://www.gutenberg.org/cache/epub/384/pg384.txt	books_txt/384.txt
385	324156	64493383b7ca3764c824bbff070ab5acd8db2b6bab0bf8eadb397f9a9fa1c213	https://www.gutenberg.org/cache/epub/385/pg385.txt	books_txt/385.txt
386	301099	7e5ed94de96d304a5a49965d58095774252a88d1930d8cceaa63cd2ca1b7165b	https://www.gutenberg.org/cache/epub/386/pg386.txt	books_txt/386.txt
387	531301	2fc1dcebc123854a081e05746f5d4d450151f44565650702a052e143063069ab	https://www.gutenberg.org/cache/epub/387/pg387.txt	books_txt/387.txt
388	1187634	4609c7706043cbcdef9725c1d5800ea76804be366a5b0c290b89db06889825c0	https://www.gutenberg.org/cache/epub/388/pg388.txt	books_txt/388.txt
389	141640	5b1e7c8a9c210a61267c81aa4b97e2a60fb11eb04349def49194280256b32374	https://www.gutenberg.org/cache/epub/389/pg389.txt	books_txt/389.txt
390	138057	afa6f9f0b62006fc41d6aa50fea47ea388fa01af72f0105d1d79f591753b4b44	https://www.gutenberg.org/cache/epub/390/pg390.txt	books_txt/390.txt
391	217169	5d65c011d753c05d38930798f14b1dc8bff037b609757607f3b654c8932d1c57	https://www.gutenberg.org/cache/epub/391/pg391.txt	books_txt/391.txt
392	751386	5480a08bcdcfd12ca1add7eea9cd394db5c0921f550f93dc2002170d3fe74fc6	https://www.gutenberg.org/cache/epub/392/pg392.txt	books_txt/392.txt
393	388755	845a998cab58fb388aa28b836b83ce49a1de49ba0701c591682122cfb1e5e64c	https://www.gutenberg.org/cache/epub/393/pg393.txt	books_txt/393.txt
394	421578	3bb263075a97afd4058933534549f6176d881f7a9f74bb62eb52be26670e3cb0	https://www.gutenberg.org/cache/epub/394/pg394.txt	books_txt/394.txt
395	573859	ac8861493aa9e9de82dd2732b9b206d7f7d1023fa0e12b282f2b0117afb2942d	https://www.gutenberg.org/cache/epub/395/pg395.txt	books_txt/395.txt
396	35146	1a84538761d909b5d996a3e65fc94936fcaae0c4ece17c7ac2942e8e0c8bc570	https://www.gutenberg.org/cache/epub/396/pg396.txt	books_txt/396.txt
397	90342	409de3367818302d559855a46eef51cd28854812703a89ee805db8b7f961ff04	https://www.gutenberg.org/cache/epub/397/pg397.txt	books_txt/397.txt
398	201148	3608050146a45e93624a1f51bcc395ed897adc75e4f543160cbcdbc51f2cf08d	https://www.gutenberg.org/cache/epub/398/pg398.txt	books_txt/398.txt
399	346127	8a30e4578c84951edb67ceb68e967d83d74991c6619b4e8194c44acb8ebc7c12	https://www.gutenberg.org/cache/epub/399/pg399.txt	books_txt/399.txt
400	87895	d0cc5e6200ebf719a074df93760576ebf12315c90eb6b431d29f08764979c6f2	https://www.gutenberg.org/cache/epub/400/pg400.txt	books_txt/400.txt
401	315811	92a8a7b43741afc057a55b534d7df97c991e457114e9bf3b89da5a74ad3180d0	https://www.gutenberg.org/cache/epub/401/pg401.txt	books_txt/401.txt
402	374519	1c9596270a8dcf137c682ea5f3695948bdc2ca9d4a001599ca43dd09940e9b25	https://www.gutenberg.org/cache/epub/402/pg402.txt	books_txt/402.txt
403	454202	49603dc7d7d4a55dc3e1b491edc52ce9e2649dfa65636d8aab3f92c473273779	https://www.gutenberg.org/cache/epub/403/pg403.txt	books_txt/403.txt
404	745440	69f9dcd0e00114e110f72b5f205e706bb4aa7be88710b3034d1f440f7d2b9b84	https://www.gutenberg.org/cache/epub/404/pg404.txt	books_txt/404.txt
405	692739	a9647ec268317a8b34d8e9be230645aa899a9e3f2e7b249571071ce151ed74e7	https://www.gutenberg.org/cache/epub/405/pg405.txt	books_txt/405.txt
406	99223	01ba723a7bfbcf2633015b42bd35844fc37e9d4cb06f6c6da535c4eda80a1352	https://www.gutenberg.org/cache/epub/406/pg406.txt	books_txt/406.txt
407	116257	5a6e57c2ad3d45b36114d1db7fc90f90b07286bc711697cfc9a172bc6bb76546	https://www.gutenberg.org/cache/epub/407/pg407.txt	books_txt/407.txt
408	428743	f5a231cbe6a8eb942369203e0c69c65090d689ce05feeb416cf05e24c5fa4da1	https://www.gutenberg.org/cache/epub/408/pg408.txt	books_txt/408.txt
409	111395	f2118cc2a80a75144d884a1eb29ce1ecc518d62ee533c98297e47ddc05720fb5	https://www.gutenberg.org/cache/epub/409/pg409.txt	books_txt/409.txt
410	86181	a6b6fc2b902438699961dc0f313eccdaa98b5f68c2e936141469226714742281	https://www.gutenberg.org/cache/epub/410/pg410.txt	books_txt/410.txt
411	185003	2796ebc038af3a1f5302403169b782ec0f74acc5132d22116c426a9934871ec1	https://www.gutenberg.org/cache/epub/411/pg411.txt	books_txt/411.txt
412	57365	5f7b432103dceb06a7c001c8d156be9b9d020a8ad74dfc37dc12c187e0d76cd2	https://www.gutenberg.org/cache/epub/412/pg412.txt	books_txt/412.txt
413	113973	e45ea085206b6cde9910b6269f8aa05121090f860175fd69085e009734e3fa9d	https://www.gutenberg.org/cache/epub/413/pg413.txt	books_txt/413.txt
414	59923	4897a595d85e10a28625e69dd7e9e79bb7a2246558bea0335f935f3969fb7e19	https://www.gutenberg.org/cache/epub/414/pg414.txt	books_txt/414.txt
415	1296880	2d0e4cb49f13ffb0fbea492453d4251689525a6caf2bd904ac004752993280f1	https://www.gutenberg.org/cache/epub/415/pg415.txt	books_txt/415.txt
416	426334	f73183936f6599750f0da9384a84fc20959491bddf259f9be0105881e60d67bc	https://www.gutenberg.org/cache/epub/416/pg416.txt	books_txt/416.txt
417	161923	9a9ae2fdae32263f77e42ea2ed595d1fd345b9158239a7affd0342295450e992	https://www.gutenberg.org/cache/epub/417/pg417.txt	books_txt/417.txt
418	242820	c6bdbb4754e60f816baca130a9703fb3085e7d1ca10a17cb8326cc134ee77a4a	https://www.gutenberg.org/cache/epub/418/pg418.txt	books_txt/418.txt
419	238583	3d094e5d7269cd33545b44e7258bdb53aab277929c30c4c0cadd259a1c680ab6	https://www.gutenberg.org/cache/epub/419/pg419.txt	books_txt/419.txt
420	255595	3772b95e863dfeed32e8cb79d07494314e9ce12da99ee0f16a6e455e04628ffe	https://www.gutenberg.org/cache/epub/420/pg420.txt	books_txt/420.txt
421	459911	d57ef5be2a98ff2bbe3819abc84deeeea7f5f039a4b90fd358b2babb0f75588a	https://www.gutenberg.org/cache/epub/421/pg421.txt	books_txt/421.txt
422	923676	69462acdd0262408dbe522cf128a2be14740e0117ef241859b65d6a7be0a88cb	https://www.gutenberg.org/cache/epub/422/pg422.txt	books_txt/422.txt
423	403468	9d8e4a0a550ba9b3c4b83a32850262d2e607a7bc1ee93f21cb5510724eead3da	https://www.gutenberg.org/cache/epub/423/pg423.txt	books_txt/423.txt
424	95459	2bb94cf7ed9b249e3031eb26e001f7403748796d5d1011a1a657f5e8299218bb	https://www.gutenberg.org/cache/epub/424/pg424.txt	books_txt/424.txt
425	577436	acdb3063afc277142a818bf6be6900d8f627cc068741624abe2e8533cef1a0bd	https://www.gutenberg.org/cache/epub/425/pg425.txt	books_txt/425.txt
426	310487	e51f6b62367dc902295ed10563a6da8265347cf830c8378f27bd6c8778ab6e2c	https://www.gutenberg.org/cache/epub/426/pg426.txt	books_txt/426.txt
427	228187	b20e6db9b3b127068a3eaa598526ac47fd08daacfaace5e764dcf257bbfe3fd3	https://www.gutenberg.org/cache/epub/427/pg427.txt	books_txt/427.txt
428	194642	af038f6364c6236a1d9e5f67340c9fa384aa5087d972a102496e1974c2bd4928	https://www.gutenberg.org/cache/epub/428/pg428.txt	books_txt/428.txt
429	449272	83e729db174c712cadb281fdc9b56edb34033f5d588f3e3d5158a9008b3c811c	https://www.gutenberg.org/cache/epub/429/pg429.txt	books_txt/429.txt
430	583995	61dc4c92c2730cd5deef80a4369b4fcb93b31fe6d8aac00848efd4682d00027f	https://www.gutenberg.org/cache/epub/430/pg430.txt	books_txt/430.txt
431	194700	ef23d913ecd3776df035ec3178035428977554719e977e0bca45080d0d630296	https://www.gutenberg.org/cache/epub/431/pg431.txt	books_txt/431.txt
432	971876	81ce00be93fab67f60ab020fb32550e929dcaa66702384c8f1e28bd3d882ac23	https://www.gutenberg.org/cache/epub/432/pg432.txt	books_txt/432.txt
433	565217	bb371053f89d77e60ce80cd8b190e8b9eee629165002c5ef2d78898b4448d4eb	https://www.gutenberg.org/cache/epub/433/pg433.txt	books_txt/433.txt
434	419064	ce88562407de2f7aa27206409b8575cae20e2f68687e75663a78d6dd23e8538c	https://www.gutenberg.org/cache/epub/434/pg434.txt	books_txt/434.txt
435	252319	e99f26b41383dff6d1fa99f694dacd613904ce4796eab6b0be9546de2ae8c1d4	https://www.gutenberg.org/cache/epub/435/pg435.txt	books_txt/435.txt
436	222079	bb24c5f48c35b061fcb787f541b819dda9256f74916aa1fc7d5191503a7dd9e7	https://www.gutenberg.org/cache/epub/436/pg436.txt	books_txt/436.txt
437	318047	515a21f481b18e5d97ab1a0a26f2db954e0ff26a99c9ac7b83e5ed916ae7fdb9	https://www.gutenberg.org/cache/epub/437/pg437.txt	books_txt/437.txt
438	108637	9e42af5a6d0893726374c6485c7a59f6268d4d0dcc63954b73672b6178b7ceda	https://www.gutenberg.org/cache/epub/438/pg438.txt	books_txt/438.txt
439	189654	9e513f8604bbaf87d04dde7eb685af743f8081808dc10d592320cae60ed2a0e5	https://www.gutenberg.org/cache/epub/439/pg439.txt	books_txt/439.txt
440	354147	7fb71c85eb1b52d95ed8dede2229bf5c29eb37b55e7a22227101f5ef8239f2be	https://www.gutenberg.org/cache/epub/440/pg440.txt	books_txt/440.txt
441	154291	3661a1b96d0f064e9820aed3ad5fff241b689e5ee0e3d20c5f44dafb60ab7438	https://www.gutenberg.org/cache/epub/441/pg441.txt	books_txt/441.txt
442	58390	b3ab141a0a9a2fc0f3ed8dda75036df663a620de1622fb9da8d24d3d580ae497	https://www.gutenberg.org/cache/epub/442/pg442.txt	books_txt/442.txt
443	237775	c60706fad9c4fb189dfb7bd47b056ffc37e7727d8c069062a30e26a25ac20224	https://www.gutenberg.org/cache/epub/443/pg443.txt	books_txt/443.txt
444	894131	d45e8fa769088bcff6df5610d926acadd453718ccf79e89772ae198b752bce7e	https://www.gutenberg.org/cache/epub/444/pg444.txt	books_txt/444.txt
445	358964	342ce2be9c9cc88ca2975983b182ff634ebf7049c44186327af81317db7e7da1	https://www.gutenberg.org/cache/epub/445/pg445.txt	books_txt/445.txt
446	561399	02d0396f294d423f45e7979043ebeb68986a33714d4396bf7e2d88f779e2cc0b	https://www.gutenberg.org/cache/epub/446/pg446.txt	books_txt/446.txt
447	152831	39b67a34f463b424be26b8dbdf56cc65b2099eeb12120b1f09dba1499c22346e	https://www.gutenberg.org/cache/epub/447/pg447.txt	books_txt/447.txt
448	520546	cae06ec0cb618a577ffec9fda5a9335b9b68446f4929729bb178df712678d26e	https://www.gutenberg.org/cache/epub/448/pg448.txt	books_txt/448.txt
449	552373	5e28c1096072eb4af6329603e82d92d17d2e4a486040beb795031d0e2a66b67a	https://www.gutenberg.org/cache/epub/449/pg449.txt	books_txt/449.txt
450	1755554	f5c86a4ec203d9c0bdf42c8e5afd6cde180e63930ee2308c5d5dd639a3eeabc1	https://www.gutenberg.org/cache/epub/450/pg450.txt	books_txt/450.txt
451	243252	1702ed6896ff0991cc60a54773ebb8d5b8cfd1c7cc3042c6d86dd2974bbead7b	https://www.gutenberg.org/cache/epub/451/pg451.txt	books_txt/451.txt
452	1290590	a4b3be98ea03945344ffdd1e5d2f9eca8a0d91e86a0ab1382ed43a755eb562a7	https://www.gutenberg.org/cache/epub/452/pg452.txt	books_txt/452.txt
453	266045	81dd55780dd3f7216b4c054eb1af31c9a497b310ab5051eb48ab57403e140633	https://www.gutenberg.org/cache/epub/453/pg453.txt	books_txt/453.txt
454	325070	a6d09d47bf334803a5e6005a70fe63c7ad5d28691b4c478a7c53f435bc160236	https://www.gutenberg.org/cache/epub/454/pg454.txt	books_txt/454.txt
455	230448	5b97518c2c8db562af73f6b5eaef9ffa3f69aefdc2ce36b360321402231e416b	https://www.gutenberg.org/cache/epub/455/pg455.txt	books_txt/455.txt
456	265018	f242757c641582b06e352325d374d2e4dae0e4668eed20b4ac42b376d2b804d0	https://www.gutenberg.org/cache/epub/456/pg456.txt	books_txt/456.txt
457	582020	fa34d83226e0a1d18f820146323027cdf40fab6786f0c281346ec2c4e1130770	https://www.gutenberg.org/cache/epub/457/pg457.txt	books_txt/457.txt
458	131217	7653bdf48ec84bb819748a2c5da69b3343cc81672c63fae536cd542a88a81b46	https://www.gutenberg.org/cache/epub/458/pg458.txt	books_txt/458.txt
459	134852	f9138c2952760b927c61797ce26c8922f23fb858d9068fa414bd31fab3fa6803	https://www.gutenberg.org/cache/epub/459/pg459.txt	books_txt/459.txt
460	123005	948de81103031bfac566b605601abf07d6f934718adbdb1e6e7a366e6872a4e3	https://www.gutenberg.org/cache/epub/460/pg460.txt	books_txt/460.txt
461	311747	928cce8277586a922e8ed609ac829c7947970ff8b335321887418e6808e39eaf	https://www.gutenberg.org/cache/epub/461/pg461.txt	books_txt/461.txt
462	333258	6f9161a10343ebbc5fa95d305b017181a3eac0663c75156ff7487c141b33ad54	https://www.gutenberg.org/cache/epub/462/pg462.txt	books_txt/462.txt
463	286434	fe397f2f3056613205854b073e9e42fbeeefd0e6dd3ab267b9cb4e46b9b815a9	https://www.gutenberg.org/cache/epub/463/pg463.txt	books_txt/463.txt
464	608938	dd97a6a0296655ad4e61cc78d23b37fbbc7a75a2994fe9af4cf5ebd08086f078	https://www.gutenberg.org/cache/epub/464/pg464.txt	books_txt/464.txt
465	326203	62acf666d9a27edb933db7a6a68453fa468b615d25d4e0e419c69ddf0377f404	https://www.gutenberg.org/cache/epub/465/pg465.txt	books_txt/465.txt
466	524094	ff3225758e158da494866920736ebf4376c5479ad0166bfc0f8ed98765f6cbf1	https://www.gutenberg.org/cache/epub/466/pg466.txt	books_txt/466.txt
467	356815	b59f954dec09b226577fff4f5298c38ad91a86d30ed9ffc08f92591e096f1e0e	https://www.gutenberg.org/cache/epub/467/pg467.txt	books_txt/467.txt
468	370240	6ccd3dbaee257596161408dd0822d21f6937e674db63b4c3c80735c61d9d47f0	https://www.gutenberg.org/cache/epub/468/pg468.txt	books_txt/468.txt
469	338434	1ffbc702b12098dbada4b199cf32d18c552963bdc1b1983f5c043ed5baf69874	https://www.gutenberg.org/cache/epub/469/pg469.txt	books_txt/469.txt
470	390270	291fb27d68c0cfca7523032a42d57a743e62a6e58faf9cc728f78ef748703829	https://www.gutenberg.org/cache/epub/470/pg470.txt	books_txt/470.txt
471	772014	f86cc78c46037439b8a8a122ae4be1338eb6e83e880e999f365dfe57447a2a59	https://www.gutenberg.org/cache/epub/471/pg471.txt	books_txt/471.txt
472	416451	af4cf5e6338bfc4efb1aad02f40d0d741534e2df543554949bef9f5b538d7ea1	https://www.gutenberg.org/cache/epub/472/pg472.txt	books_txt/472.txt
473	307162	ae662068e214b0912caecececa0130f5872ce36fba9801fe600adee158883356	https://www.gutenberg.org/cache/epub/473/pg473.txt	books_txt/473.txt
474	336537	99988d41e73fc5ead08234de26c0af95573380abbab695879dcabda0e7f69ffa	https://www.gutenberg.org/cache/epub/474/pg474.txt	books_txt/474.txt
475	752824	986748154cf04d5078b10db09b5df95425ed6bb1020e01d61ec41dde933db581	https://www.gutenberg.org/cache/epub/475/pg475.txt	books_txt/475.txt
476	879934	3e8c42af206a0e5abd9d066ca0985e552e10ecc21021c0d09e1ed61f70d8734a	https://www.gutenberg.org/cache/epub/476/pg476.txt	books_txt/476.txt
477	510746	534506ca7f9040a088731fd6259655dfa93cf10b19281ad418b7a217b5146f93	https://www.gutenberg.org/cache/epub/477/pg477.txt	books_txt/477.txt
478	463775	5de4bfa55aa403661290ca72e8530575821e755788ce25da07441955fc244e57	https://www.gutenberg.org/cache/epub/478/pg478.txt	books_txt/478.txt
479	345834	c0cabbd64dfc4ea7db8ed67af06f9d66747118a2a7eeeafa08ef537671a2fcc7	https://www.gutenberg.org/cache/epub/479/pg479.txt	books_txt/479.txt
480	612340	012a8fbcf1e6c6d5542f50150aa50d770c6965c3e176cfd4e50c9623d0525155	https://www.gutenberg.org/cache/epub/480/pg480.txt	books_txt/480.txt
481	315669	c075831827fb60ccd58b222c028c001aae51bea8706a415742e1a6844b777e4e	https://www.gutenberg.org/cache/epub/481/pg481.txt	books_txt/481.txt
482	808537	56277b945f000dbf4369dd2581b210633ba1fa791d036e91e6e40beb49f79202	https://www.gutenberg.org/cache/epub/482/pg482.txt	books_txt/482.txt
483	494609	7f0e4a6ad1f5c4a769bb5c80da1f1bc6d9c6c149c647ce214d7e3f34649fde3b	https://www.gutenberg.org/cache/epub/483/pg483.txt	books_txt/483.txt
484	282174	3d4609004237bad9d207266c571a96c72b0b81886c772a4f975a541e63d2d4d6	https://www.gutenberg.org/cache/epub/484/pg484.txt	books_txt/484.txt
485	244504	57e6340f9708dc70fd151cc721c6493d482de63a47c27372dfe71409f8614664	https://www.gutenberg.org/cache/epub/485/pg485.txt	books_txt/485.txt
486	239986	a080860b4208ddf202930bb8ddfd52b37107b4f9689161c337483158cbb2dac4	https://www.gutenberg.org/cache/epub/486/pg486.txt	books_txt/486.txt
487	71280	25f7eb722b35c46895d21e24d2a5a957024c45fe34fb0887910c834c7b369c46	https://www.gutenberg.org/cache/epub/487/pg487.txt	books_txt/487.txt
488	432190	aceaa00ac6b64a6c735cee2e5b1770a34c481638127d40a3ce190836508d1b63	https://www.gutenberg.org/cache/epub/488/pg488.txt	books_txt/488.txt
489	296074	b4c0aec8a9367fd05c3a8b27cb17c9cf146acf17cb8406d9c4aa16f75a3256d2	https://www.gutenberg.org/cache/epub/489/pg489.txt	books_txt/489.txt
490	31189	1202c8297c54a276475fea56ecb284d0b63eb6b9741d0cd249a4a4274cce77c0	https://www.gutenberg.org/cache/epub/490/pg490.txt	books_txt/490.txt
491	397459	d8ad6c9dbc0f22ea434e9f26c10fc7bcf23fcb719d7988d79d43e4357d3ef17a	https://www.gutenberg.org/cache/epub/491/pg491.txt	books_txt/491.txt
492	144925	f0516a2eb556dcb9f9923e0958ccae3b194ec18930be8c40f3af56d38c132dac	https://www.gutenberg.org/cache/epub/492/pg492.txt	books_txt/492.txt
493	192935	184d907922ab8109abaae4fa3b6df5ef08cc4081c5339d98274a02f90870c2a0	https://www.gutenberg.org/cache/epub/493/pg493.txt	books_txt/493.txt
494	79399	8862fe408ee846c29bec7113744e2cb3b8a86310f1a6520b4be1e3633a058299	https://www.gutenberg.org/cache/epub/494/pg494.txt	books_txt/494.txt
495	89072	e8cc26a7505aefa1b9c9c2b631f15535b154298190205f1a56c822501d6b8c40	https://www.gutenberg.org/cache/epub/495/pg495.txt	books_txt/495.txt
496	275989	709c354dc6934a3a4509cdfae1bba47d4feb2597afe5c9c22c6fdb6013a561e3	https://www.gutenberg.org/cache/epub/496/pg496.txt	books_txt/496.txt
497	631325	259887e34366ef118417accc940d05579ddb8475e08fa852b50638fa64d806a0	https://www.gutenberg.org/cache/epub/497/pg497.txt	books_txt/497.txt
498	439164	087f93898e52e08342288f5d08b76dd9a8674b138657bb23d5733b3ecd8af210	https://www.gutenberg.org/cache/epub/498/pg498.txt	books_txt/498.txt
499	265375	e2f474929f60653371ce98696746a88e079f7769afbd132d3dc46f8acd8b923e	https://www.gutenberg.org/cache/epub/499/pg499.txt	books_txt/499.txt
500	245681	072a84b3da860036ebf81dbd305149ef0d908064c30d513c7f640599fabeb99b	https://www.gutenberg.org/cache/epub/500/pg500.txt	books_txt/500.txt
501	173558	be531c434149cb3a162d0c0030de47de4766b624988ee752d350c4bcd2c87f77	https://www.gutenberg.org/cache/epub/501/pg501.txt	books_txt/501.txt
502	616452	73eab89e57adbeea45784807476ae6db92af4d4df6c5e1ba1517d3e08c1e836e	https://www.gutenberg.org/cache/epub/502/pg502.txt	books_txt/502.txt
503	774737	212bd64fbd8d2f15312c90cd20f17f851186721804d00b187c7282a532075c3a	https://www.gutenberg.org/cache/epub/503/pg503.txt	books_txt/503.txt
504	147302	e387875f326a46bb698294bbdbd75a714e4ed4f8cdd753d77b36817f5a8dc0a6	https://www.gutenberg.org/cache/epub/504/pg504.txt	books_txt/504.txt
505	2010388	45d1eecdcb07b98df79c51af68394e5bd1e882b382b5943b138d853ade72f7e9	https://www.gutenberg.org/cache/epub/505/pg505.txt	books_txt/505.txt
506	1245611	a8bbd29d9d3f8553b34ea7f0c2ec65ac8bdc249e3bda8826a7822276457e2f13	https://www.gutenberg.org/cache/epub/506/pg506.txt	books_txt/506.txt
507	1228196	be0e4681617825580f2f1bff1f04f477a9af2d49b9835bcb7d9ab9eb9ef3aecb	https://www.gutenberg.org/cache/epub/507/pg507.txt	books_txt/507.txt
508	517529	2c3cdecbb1cfa41a2bb903f73d329a3fd9af235f634e5a9ebe6911374a7b49f3	https://www.gutenberg.org/cache/epub/508/pg508.txt	books_txt/508.txt
509	231667	52562d702842f66c33a010d00c7d98f3ed32926a94d3266d5096b083461d4be3	https://www.gutenberg.org/cache/epub/509/pg509.txt	books_txt/509.txt
510	230784	209430e573ff3235f45887c36a4ec6109dbe6a15b01b9738a70f7cbbeb5ebbbf	https://www.gutenberg.org/cache/epub/510/pg510.txt	books_txt/510.txt
511	241690	477fa7f2a17efa7f4419f20f59006cf472a8cf743e056ffe64f95c884ba4d138	https://www.gutenberg.org/cache/epub/511/pg511.txt	books_txt/511.txt
512	947200	d9a0cc1df0c41f87ffe61076e23383a4223369105223318542dca83914b156d4	https://www.gutenberg.org/cache/epub/512/pg512.txt	books_txt/512.txt
513	451496	2d0fb929374829e856da6579c5386a0de30e0e31ee2b3f0c5a2d03576a18ec28	https://www.gutenberg.org/cache/epub/513/pg513.txt	books_txt/513.txt
514	1071405	677d034b4a3d1cea92d075939878f852a7a3ec757dc9ed05ef0c40cab5c1e6de	https://www.gutenberg.org/cache/epub/514/pg514.txt	books_txt/514.txt
515	347008	860a5142d0573598e5817383a12abf49241341b7368271297c6d8931fa7d399f	https://www.gutenberg.org/cache/epub/515/pg515.txt	books_txt/515.txt
516	199590	0868772db1fa3444734aed19fe8a6809660662d88c0fe7556df2b2efdfe14ab5	https://www.gutenberg.org/cache/epub/516/pg516.txt	books_txt/516.txt
517	324979	15b6a0bc1a994f4ddb72326ac2900c4441192b15dd2e44145f3b7728bdb8a25c	https://www.gutenberg.org/cache/epub/517/pg517.txt	books_txt/517.txt
518	232043	726fa612d81c985848d6ee626c4525598c8f8bb2343ab301a46f27976ec7ca13	https://www.gutenberg.org/cache/epub/518/pg518.txt	books_txt/518.txt
519	41217	1f5a1e55c2f16c28d2c3ab9afbe858208e3899866edb216d986c9b4402f8f3de	https://www.gutenberg.org/cache/epub/519/pg519.txt	books_txt/519.txt
520	188273	8e33fdafbae73db5586e4bb6ec40a082a0b33b744aed99bbd79cafab9935f677	https://www.gutenberg.org/cache/epub/520/pg520.txt	books_txt/520.txt
521	653990	6c5c1dc78db2ecd92905b6dd75779eba2361d7ee38e55300002e5cbedda63778	https://www.gutenberg.org/cache/epub/521/pg521.txt	books_txt/521.txt
522	188774	370392aa24e94c644b2f6a0bcb414b532e5a98ae73078f83f2c1a53d27163041	https://www.gutenberg.org/cache/epub/522/pg522.txt	books_txt/522.txt
523	432627	f34714614d055c86ff4dcef5832acbfa849d306e8f38e1ef9c985374b43d1316	https://www.gutenberg.org/cache/epub/523/pg523.txt	books_txt/523.txt
524	593630	e04a37ea034f26a1891791ab4b71ff42f16ad11644fec696dbbe531d6ea90f90	https://www.gutenberg.org/cache/epub/524/pg524.txt	books_txt/524.txt
525	93037	e57f1be8c171f57732c5fcd06ed05703e8e02484533cbf0abcc6713744fc6496	https://www.gutenberg.org/cache/epub/525/pg525.txt	books_txt/525.txt
526	233943	22545173be1f2f1622d283cfba3e454cc74f0b46b4337649f78fd37437cdef2d	https://www.gutenberg.org/cache/epub/526/pg526.txt	books_txt/526.txt
527	317908	2191960923a58d0b6e64465f29ef43e65ec5d313b5ae2c7bdf36bd69268c5105	https://www.gutenberg.org/cache/epub/527/pg527.txt	books_txt/527.txt
528	273351	faae4bbd61dc31568fdcba950edf7a37717805704ed552125280b3e1d71bbf05	https://www.gutenberg.org/cache/epub/528/pg528.txt	books_txt/528.txt
529	278709	724795f7fb1f2e624c88a5d18802b71156914b00cf7ad652bf0f5264836094ba	https://www.gutenberg.org/cache/epub/529/pg529.txt	books_txt/529.txt
530	328020	40ae86fae5710dd9780288242a105fbb181893e56a7aae7fd2af30335367b787	https://www.gutenberg.org/cache/epub/530/pg530.txt	books_txt/530.txt
531	514960	de4e0830939b24736f03b3b2ec08a450adef1784585a775cbeb2d37fe8164c76	https://www.gutenberg.org/cache/epub/531/pg531.txt	books_txt/531.txt
532	354349	9633b13bbe9ee7303b1eff7cf9014dc693b1e43957d93794b7f069c59877781d	https://www.gutenberg.org/cache/epub/532/pg532.txt	books_txt/532.txt
533	161852	3e3b45a6ad2c7d03eeee66791d394781b094ddf99d69d869b9b1894a59c18c71	https://www.gutenberg.org/cache/epub/533/pg533.txt	books_txt/533.txt
534	230108	9696b6c0434cdcc5d6bf55190c8a03f5ddb1b5097a6e2ffe17e199520b1ef7d7	https://www.gutenberg.org/cache/epub/534/pg534.txt	books_txt/534.txt
535	213177	97e3fb7d44fbe37fcd7a6d7ff7d4ad6f35f1b541cc81bbea13d8143a751241c0	https://www.gutenberg.org/cache/epub/535/pg535.txt	books_txt/535.txt
536	381692	4021e3f4840b8428c0487716a4469aab5ff5bbe81a17cc2584afd5b983a65dbc	https://www.gutenberg.org/cache/epub/536/pg536.txt	books_txt/536.txt
537	440464	8c504c73abb0cac067593ab81c6f9f4dd222bb3aec80d5061039a4738272c931	https://www.gutenberg.org/cache/epub/537/pg537.txt	books_txt/537.txt
538	421808	2f1adecf0d82155439023bef1b7b98186df097a27e4a1f615fb7c624cdad37e4	https://www.gutenberg.org/cache/epub/538/pg538.txt	books_txt/538.txt
539	219295	fdc300a0a83a24d322d77b42c2969073e95786f5384d42f662abfbee8b2b9bdf	https://www.gutenberg.org/cache/epub/539/pg539.txt	books_txt/539.txt
540	696582	408fcb26a442a10bb6094dc453031a8b0a90ecbe8c3780c71097e14cca406199	https://www.gutenberg.org/cache/epub/540/pg540.txt	books_txt/540.txt
541	609882	aae279f1a60ac64be53f63357e708a2fdaabdb334a1c92f81fc1c3b5c848a092	https://www.gutenberg.org/cache/epub/541/pg541.txt	books_txt/541.txt
542	540752	3609088b45409560cff19762ac2d6f893fcd8b32222b88bfde458a9067d800ef	https://www.gutenberg.org/cache/epub/542/pg542.txt	books_txt/542.txt
543	997964	68f2bcb2a8d1d62f3a2e747aa7b387c8201c53c3ea6f866e1ed7864ec8055cc2	https://www.gutenberg.org/cache/epub/543/pg543.txt	books_txt/543.txt
544	480661	f94dac73e9403da63f774c08378e3333f7c0f03415ca2c3311de5ba18ee2797f	https://www.gutenberg.org/cache/epub/544/pg544.txt	books_txt/544.txt
545	295025	31d6f77920ca7398d8084559655619dc7e3c296359f9b8da76939cef23a1c35e	https://www.gutenberg.org/cache/epub/545/pg545.txt	books_txt/545.txt
546	526068	9e4a6919682116570615cfab8bd2f3f1960205ab0e1f22d8d87eabf0947e5985	https://www.gutenberg.org/cache/epub/546/pg546.txt	books_txt/546.txt
547	715477	a6d089822d4de929d9c5cf3927cf570b4c886f1867838d4501bf47292f899d89	https://www.gutenberg.org/cache/epub/547/pg547.txt	books_txt/547.txt
548	91120	e79ce65a72ddd3142aead53bacc0f437c8e2c1c8b4d5e1d4c7109297768205c8	https://www.gutenberg.org/cache/epub/548/pg548.txt	books_txt/548.txt
549	237688	df1c77c3d0a23bbcdcf6efe05bdc86b668383b0c3a91c2e30831aa654f098740	https://www.gutenberg.org/cache/epub/549/pg549.txt	books_txt/549.txt
550	429296	b4e54f078d8ff14846ef6196f3ae5134194818841a43c135a5346beded735eb9	https://www.gutenberg.org/cache/epub/550/pg550.txt	books_txt/550.txt
551	225728	edd011c0b937f891f18381969e53aa7f08abe8cff41215abc672443b957353b3	https://www.gutenberg.org/cache/epub/551/pg551.txt	books_txt/551.txt
552	231954	23fae74447fbbf66f2b3043692504ffdcc3edcbbfd912813b60a465848e983a5	https://www.gutenberg.org/cache/epub/552/pg552.txt	books_txt/552.txt
553	224533	07dd0c88b1e08558f20d9a9712b5603f6e68645e2ce9b1fc9f93d9d56da75a41	https://www.gutenberg.org/cache/epub/553/pg553.txt	books_txt/553.txt
554	148312	701a7ee7a900936dcdd80fc32fb554231626e5558f8c94d3f8f111979d693c2d	https://www.gutenberg.org/cache/epub/554/pg554.txt	books_txt/554.txt
555	309816	34908a48a219f7c96a4ced563e69dca88ac2d0e8604d5bd6f8001cba50b1ac60	https://www.gutenberg.org/cache/epub/555/pg555.txt	books_txt/555.txt
556	444803	fc8e0e8b51543d75f109a9614d9a635c9d465d09bee117312bb9fbfd125c8599	https://www.gutenberg.org/cache/epub/556/pg556.txt	books_txt/556.txt
557	342741	5950276c6394c0603e783137e826b3c507c898b2170dbe1b729debacafecfd80	https://www.gutenberg.org/cache/epub/557/pg557.txt	books_txt/557.txt
558	242116	b0976c17f2861c14f2a0eca6fd72dcc611cbe2a49e8df26e80e951d55e3dd53f	https://www.gutenberg.org/cache/epub/558/pg558.txt	books_txt/558.txt
559	558946	1e21fa0e2b36c5cbb8becd87edc2951c9b4dc46b52610f959077152310cc4d7b	https://www.gutenberg.org/cache/epub/559/pg559.txt	books_txt/559.txt
560	724571	87e7571261685a0b52019380c5e42a814a401519703d1b5e4bc5b2055c198af1	https://www.gutenberg.org/cache/epub/560/pg560.txt	books_txt/560.txt
561	558657	5f45a700f55cc21ba9ec1ab9dd6b46f9bce63a0fe15c97c9a68b916626539631	https://www.gutenberg.org/cache/epub/561/pg561.txt	books_txt/561.txt
562	287568	3acabde93e1270d161efce17bad104699c4f3dc00f0c1a9420eddc7c55d44374	https://www.gutenberg.org/cache/epub/562/pg562.txt	books_txt/562.txt
563	151658	d54ac7305ff5c98a230e44bab2bbd7eb844437dc980a9b7f6f4e27f768ebaae6	https://www.gutenberg.org/cache/epub/563/pg563.txt	books_txt/563.txt
564	584883	a4cf4c82590e2d803695f5ed6fc7199eb2da33d848c452945def288f64163cfa	https://www.gutenberg.org/cache/epub/564/pg564.txt	books_txt/564.txt
565	617926	4b90bd33e810a7d53daea54ae99e3390f588b6e72ab2410c1cc39bb3cda5f4ab	https://www.gutenberg.org/cache/epub/565/pg565.txt	books_txt/565.txt
566	870600	0be11b85694671e63337a9fbf7a5b53c7359c67da8e8a5cd5478497f5090f05f	https://www.gutenberg.org/cache/epub/566/pg566.txt	books_txt/566.txt
567	601939	8534ec25d4e7f4762bfc17dc42262188579523a3751d07ceab7aebba0c3b34a9	https://www.gutenberg.org/cache/epub/567/pg567.txt	books_txt/567.txt
568	600063	10547a4072182039984b861a86ba04d721cb9d9904acda3b2ff368c171a1b2b1	https://www.gutenberg.org/cache/epub/568/pg568.txt	books_txt/568.txt
569	605584	ad770c0e7c04b9f32e67e75326b0edb4f37573aaba9fa8a3cb8a07affe2270a8	https://www.gutenberg.org/cache/epub/569/pg569.txt	books_txt/569.txt
